Sup Dist,Cost Code,Library Name,City,Zip Code,Month,Year,Month-Year,Circulation
1,604,Anthony Quinn,Los Angeles,90063,January,2014,January-2014,6246
1,604,Anthony Quinn,Los Angeles,90063,February,2014,February-2014,5442
1,604,Anthony Quinn,Los Angeles,90063,March,2014,March-2014,6168
1,604,Anthony Quinn,Los Angeles,90063,April,2014,April-2014,6610
1,604,Anthony Quinn,Los Angeles,90063,May,2014,May-2014,5779
1,604,Anthony Quinn,Los Angeles,90063,June,2014,June-2014,6257
1,604,Anthony Quinn,Los Angeles,90063,July,2014,July-2014,7394
1,604,Anthony Quinn,Los Angeles,90063,August,2014,August-2014,6310
1,604,Anthony Quinn,Los Angeles,90063,September,2014,September-2014,6240
1,604,Anthony Quinn,Los Angeles,90063,October,2014,October-2014,6679
1,604,Anthony Quinn,Los Angeles,90063,November,2014,November-2014,6092
1,604,Anthony Quinn,Los Angeles,90063,December,2014,December-2014,5428
1,604,Anthony Quinn,Los Angeles,90063,January,2015,January-2015,5862
1,604,Anthony Quinn,Los Angeles,90063,February,2015,February-2015,5546
1,604,Anthony Quinn,Los Angeles,90063,March,2015,March-2015,6513
1,604,Anthony Quinn,Los Angeles,90063,April,2015,April-2015,6003
1,604,Anthony Quinn,Los Angeles,90063,May,2015,May-2015,5612
1,604,Anthony Quinn,Los Angeles,90063,June,2015,June-2015,6451
1,803,Baldwin Park,Baldwin Park,91706,January,2014,January-2014,1173
1,803,Baldwin Park,Baldwin Park,91706,February,2014,February-2014,1138
1,803,Baldwin Park,Baldwin Park,91706,March,2014,March-2014,1103
1,803,Baldwin Park,Baldwin Park,91706,April,2014,April-2014,1254
1,803,Baldwin Park,Baldwin Park,91706,May,2014,May-2014,1075
1,803,Baldwin Park,Baldwin Park,91706,June,2014,June-2014,1422
1,803,Baldwin Park,Baldwin Park,91706,July,2014,July-2014,1618
1,803,Baldwin Park,Baldwin Park,91706,August,2014,August-2014,542
1,803,Baldwin Park,Baldwin Park,91706,September,2014,September-2014,12202
1,803,Baldwin Park,Baldwin Park,91706,October,2014,October-2014,14733
1,803,Baldwin Park,Baldwin Park,91706,November,2014,November-2014,13722
1,803,Baldwin Park,Baldwin Park,91706,December,2014,December-2014,10784
1,803,Baldwin Park,Baldwin Park,91706,January,2015,January-2015,14242
1,803,Baldwin Park,Baldwin Park,91706,February,2015,February-2015,13611
1,803,Baldwin Park,Baldwin Park,91706,March,2015,March-2015,14881
1,803,Baldwin Park,Baldwin Park,91706,April,2015,April-2015,14606
1,803,Baldwin Park,Baldwin Park,91706,May,2015,May-2015,12141
1,803,Baldwin Park,Baldwin Park,91706,June,2015,June-2015,14341
1,630,Bell,Bell,90201,January,2014,January-2014,6416
1,630,Bell,Bell,90201,February,2014,February-2014,5727
1,630,Bell,Bell,90201,March,2014,March-2014,6553
1,630,Bell,Bell,90201,April,2014,April-2014,6471
1,630,Bell,Bell,90201,May,2014,May-2014,5392
1,630,Bell,Bell,90201,June,2014,June-2014,5015
1,630,Bell,Bell,90201,July,2014,July-2014,5901
1,630,Bell,Bell,90201,August,2014,August-2014,5316
1,630,Bell,Bell,90201,September,2014,September-2014,5740
1,630,Bell,Bell,90201,October,2014,October-2014,5287
1,630,Bell,Bell,90201,November,2014,November-2014,4443
1,630,Bell,Bell,90201,December,2014,December-2014,4203
1,630,Bell,Bell,90201,January,2015,January-2015,6025
1,630,Bell,Bell,90201,February,2015,February-2015,5030
1,630,Bell,Bell,90201,March,2015,March-2015,5501
1,630,Bell,Bell,90201,April,2015,April-2015,5460
1,630,Bell,Bell,90201,May,2015,May-2015,4669
1,630,Bell,Bell,90201,June,2015,June-2015,5684
1,631,Bell Gardens,Bell Gardens,90201,January,2014,January-2014,5773
1,631,Bell Gardens,Bell Gardens,90201,February,2014,February-2014,4419
1,631,Bell Gardens,Bell Gardens,90201,March,2014,March-2014,5287
1,631,Bell Gardens,Bell Gardens,90201,April,2014,April-2014,5712
1,631,Bell Gardens,Bell Gardens,90201,May,2014,May-2014,4593
1,631,Bell Gardens,Bell Gardens,90201,June,2014,June-2014,4362
1,631,Bell Gardens,Bell Gardens,90201,July,2014,July-2014,5990
1,631,Bell Gardens,Bell Gardens,90201,August,2014,August-2014,4569
1,631,Bell Gardens,Bell Gardens,90201,September,2014,September-2014,5372
1,631,Bell Gardens,Bell Gardens,90201,October,2014,October-2014,5649
1,631,Bell Gardens,Bell Gardens,90201,November,2014,November-2014,4552
1,631,Bell Gardens,Bell Gardens,90201,December,2014,December-2014,4404
1,631,Bell Gardens,Bell Gardens,90201,January,2015,January-2015,6039
1,631,Bell Gardens,Bell Gardens,90201,February,2015,February-2015,4869
1,631,Bell Gardens,Bell Gardens,90201,March,2015,March-2015,5962
1,631,Bell Gardens,Bell Gardens,90201,April,2015,April-2015,5920
1,631,Bell Gardens,Bell Gardens,90201,May,2015,May-2015,5266
1,631,Bell Gardens,Bell Gardens,90201,June,2015,June-2015,4909
1,616,Chet Holifield,Montebello,90640,January,2014,January-2014,2888
1,616,Chet Holifield,Montebello,90640,February,2014,February-2014,2329
1,616,Chet Holifield,Montebello,90640,March,2014,March-2014,2460
1,616,Chet Holifield,Montebello,90640,April,2014,April-2014,3169
1,616,Chet Holifield,Montebello,90640,May,2014,May-2014,2901
1,616,Chet Holifield,Montebello,90640,June,2014,June-2014,3206
1,616,Chet Holifield,Montebello,90640,July,2014,July-2014,4231
1,616,Chet Holifield,Montebello,90640,August,2014,August-2014,2446
1,616,Chet Holifield,Montebello,90640,September,2014,September-2014,2414
1,616,Chet Holifield,Montebello,90640,October,2014,October-2014,2847
1,616,Chet Holifield,Montebello,90640,November,2014,November-2014,2155
1,616,Chet Holifield,Montebello,90640,December,2014,December-2014,2165
1,616,Chet Holifield,Montebello,90640,January,2015,January-2015,2112
1,616,Chet Holifield,Montebello,90640,February,2015,February-2015,2110
1,616,Chet Holifield,Montebello,90640,March,2015,March-2015,2733
1,616,Chet Holifield,Montebello,90640,April,2015,April-2015,2336
1,616,Chet Holifield,Montebello,90640,May,2015,May-2015,1916
1,616,Chet Holifield,Montebello,90640,June,2015,June-2015,3344
1,610,City Terrace,Los Angeles,90063,January,2014,January-2014,6895
1,610,City Terrace,Los Angeles,90063,February,2014,February-2014,6336
1,610,City Terrace,Los Angeles,90063,March,2014,March-2014,7019
1,610,City Terrace,Los Angeles,90063,April,2014,April-2014,6665
1,610,City Terrace,Los Angeles,90063,May,2014,May-2014,6311
1,610,City Terrace,Los Angeles,90063,June,2014,June-2014,6815
1,610,City Terrace,Los Angeles,90063,July,2014,July-2014,6691
1,610,City Terrace,Los Angeles,90063,August,2014,August-2014,6428
1,610,City Terrace,Los Angeles,90063,September,2014,September-2014,5852
1,610,City Terrace,Los Angeles,90063,October,2014,October-2014,6286
1,610,City Terrace,Los Angeles,90063,November,2014,November-2014,5823
1,610,City Terrace,Los Angeles,90063,December,2014,December-2014,5403
1,610,City Terrace,Los Angeles,90063,January,2015,January-2015,6269
1,610,City Terrace,Los Angeles,90063,February,2015,February-2015,5576
1,610,City Terrace,Los Angeles,90063,March,2015,March-2015,6482
1,610,City Terrace,Los Angeles,90063,April,2015,April-2015,6457
1,610,City Terrace,Los Angeles,90063,May,2015,May-2015,5352
1,610,City Terrace,Los Angeles,90063,June,2015,June-2015,5988
1,804,Claremont,Claremont,91711,January,2014,January-2014,22269
1,804,Claremont,Claremont,91711,February,2014,February-2014,20929
1,804,Claremont,Claremont,91711,March,2014,March-2014,22195
1,804,Claremont,Claremont,91711,April,2014,April-2014,22306
1,804,Claremont,Claremont,91711,May,2014,May-2014,21951
1,804,Claremont,Claremont,91711,June,2014,June-2014,22799
1,804,Claremont,Claremont,91711,July,2014,July-2014,25023
1,804,Claremont,Claremont,91711,August,2014,August-2014,20442
1,804,Claremont,Claremont,91711,September,2014,September-2014,22438
1,804,Claremont,Claremont,91711,October,2014,October-2014,23018
1,804,Claremont,Claremont,91711,November,2014,November-2014,20295
1,804,Claremont,Claremont,91711,December,2014,December-2014,20027
1,804,Claremont,Claremont,91711,January,2015,January-2015,22604
1,804,Claremont,Claremont,91711,February,2015,February-2015,23152
1,804,Claremont,Claremont,91711,March,2015,March-2015,26266
1,804,Claremont,Claremont,91711,April,2015,April-2015,26569
1,804,Claremont,Claremont,91711,May,2015,May-2015,25240
1,804,Claremont,Claremont,91711,June,2015,June-2015,28105
1,632,Cudahy,Cudahy,90201,January,2014,January-2014,5060
1,632,Cudahy,Cudahy,90201,February,2014,February-2014,4096
1,632,Cudahy,Cudahy,90201,March,2014,March-2014,4441
1,632,Cudahy,Cudahy,90201,April,2014,April-2014,4612
1,632,Cudahy,Cudahy,90201,May,2014,May-2014,4362
1,632,Cudahy,Cudahy,90201,June,2014,June-2014,3690
1,632,Cudahy,Cudahy,90201,July,2014,July-2014,4553
1,632,Cudahy,Cudahy,90201,August,2014,August-2014,4120
1,632,Cudahy,Cudahy,90201,September,2014,September-2014,4128
1,632,Cudahy,Cudahy,90201,October,2014,October-2014,4432
1,632,Cudahy,Cudahy,90201,November,2014,November-2014,3397
1,632,Cudahy,Cudahy,90201,December,2014,December-2014,3137
1,632,Cudahy,Cudahy,90201,January,2015,January-2015,3988
1,632,Cudahy,Cudahy,90201,February,2015,February-2015,3508
1,632,Cudahy,Cudahy,90201,March,2015,March-2015,4072
1,632,Cudahy,Cudahy,90201,April,2015,April-2015,3872
1,632,Cudahy,Cudahy,90201,May,2015,May-2015,3912
1,632,Cudahy,Cudahy,90201,June,2015,June-2015,4042
1,605,East Los Angeles,Los Angeles,90022,January,2014,January-2014,26573
1,605,East Los Angeles,Los Angeles,90022,February,2014,February-2014,25321
1,605,East Los Angeles,Los Angeles,90022,March,2014,March-2014,29539
1,605,East Los Angeles,Los Angeles,90022,April,2014,April-2014,28237
1,605,East Los Angeles,Los Angeles,90022,May,2014,May-2014,25031
1,605,East Los Angeles,Los Angeles,90022,June,2014,June-2014,26212
1,605,East Los Angeles,Los Angeles,90022,July,2014,July-2014,29226
1,605,East Los Angeles,Los Angeles,90022,August,2014,August-2014,26893
1,605,East Los Angeles,Los Angeles,90022,September,2014,September-2014,26796
1,605,East Los Angeles,Los Angeles,90022,October,2014,October-2014,26127
1,605,East Los Angeles,Los Angeles,90022,November,2014,November-2014,23714
1,605,East Los Angeles,Los Angeles,90022,December,2014,December-2014,21629
1,605,East Los Angeles,Los Angeles,90022,January,2015,January-2015,26083
1,605,East Los Angeles,Los Angeles,90022,February,2015,February-2015,23690
1,605,East Los Angeles,Los Angeles,90022,March,2015,March-2015,28341
1,605,East Los Angeles,Los Angeles,90022,April,2015,April-2015,26271
1,605,East Los Angeles,Los Angeles,90022,May,2015,May-2015,25054
1,605,East Los Angeles,Los Angeles,90022,June,2015,June-2015,26177
1,609,El Camino Real,Los Angeles,90023,January,2014,January-2014,158
1,609,El Camino Real,Los Angeles,90023,February,2014,February-2014,134
1,609,El Camino Real,Los Angeles,90023,March,2014,March-2014,196
1,609,El Camino Real,Los Angeles,90023,April,2014,April-2014,151
1,609,El Camino Real,Los Angeles,90023,May,2014,May-2014,138
1,609,El Camino Real,Los Angeles,90023,June,2014,June-2014,102
1,609,El Camino Real,Los Angeles,90023,July,2014,July-2014,110
1,609,El Camino Real,Los Angeles,90023,August,2014,August-2014,79
1,609,El Camino Real,Los Angeles,90023,September,2014,September-2014,75
1,609,El Camino Real,Los Angeles,90023,October,2014,October-2014,233
1,609,El Camino Real,Los Angeles,90023,November,2014,November-2014,5520
1,609,El Camino Real,Los Angeles,90023,December,2014,December-2014,5981
1,609,El Camino Real,Los Angeles,90023,January,2015,January-2015,6473
1,609,El Camino Real,Los Angeles,90023,February,2015,February-2015,5235
1,609,El Camino Real,Los Angeles,90023,March,2015,March-2015,5442
1,609,El Camino Real,Los Angeles,90023,April,2015,April-2015,5265
1,609,El Camino Real,Los Angeles,90023,May,2015,May-2015,4608
1,609,El Camino Real,Los Angeles,90023,June,2015,June-2015,5662
1,830,El Monte,El Monte,91731,January,2014,January-2014,12412
1,830,El Monte,El Monte,91731,February,2014,February-2014,11457
1,830,El Monte,El Monte,91731,March,2014,March-2014,13533
1,830,El Monte,El Monte,91731,April,2014,April-2014,8427
1,830,El Monte,El Monte,91731,May,2014,May-2014,519
1,830,El Monte,El Monte,91731,June,2014,June-2014,370
1,830,El Monte,El Monte,91731,July,2014,July-2014,325
1,830,El Monte,El Monte,91731,August,2014,August-2014,322
1,830,El Monte,El Monte,91731,September,2014,September-2014,430
1,830,El Monte,El Monte,91731,October,2014,October-2014,415
1,830,El Monte,El Monte,91731,November,2014,November-2014,5355
1,830,El Monte,El Monte,91731,December,2014,December-2014,9742
1,830,El Monte,El Monte,91731,January,2015,January-2015,11960
1,830,El Monte,El Monte,91731,February,2015,February-2015,11775
1,830,El Monte,El Monte,91731,March,2015,March-2015,13300
1,830,El Monte,El Monte,91731,April,2015,April-2015,12806
1,830,El Monte,El Monte,91731,May,2015,May-2015,11702
1,830,El Monte,El Monte,91731,June,2015,June-2015,12615
1,517,Hollydale,South Gate,90280,January,2014,January-2014,3331
1,517,Hollydale,South Gate,90280,February,2014,February-2014,2836
1,517,Hollydale,South Gate,90280,March,2014,March-2014,3551
1,517,Hollydale,South Gate,90280,April,2014,April-2014,3093
1,517,Hollydale,South Gate,90280,May,2014,May-2014,2852
1,517,Hollydale,South Gate,90280,June,2014,June-2014,3373
1,517,Hollydale,South Gate,90280,July,2014,July-2014,4569
1,517,Hollydale,South Gate,90280,August,2014,August-2014,3118
1,806,La Puente,La Puente,91744,July,2014,July-2014,9414
1,517,Hollydale,South Gate,90280,September,2014,September-2014,3401
1,517,Hollydale,South Gate,90280,October,2014,October-2014,3361
1,517,Hollydale,South Gate,90280,November,2014,November-2014,2960
1,517,Hollydale,South Gate,90280,December,2014,December-2014,2855
1,517,Hollydale,South Gate,90280,January,2015,January-2015,3060
1,517,Hollydale,South Gate,90280,February,2015,February-2015,2829
1,517,Hollydale,South Gate,90280,March,2015,March-2015,3187
1,517,Hollydale,South Gate,90280,April,2015,April-2015,3266
1,517,Hollydale,South Gate,90280,May,2015,May-2015,3038
1,517,Hollydale,South Gate,90280,June,2015,June-2015,3018
1,633,Huntington Park,Huntington Park,90255,January,2014,January-2014,11071
1,633,Huntington Park,Huntington Park,90255,February,2014,February-2014,9648
1,633,Huntington Park,Huntington Park,90255,March,2014,March-2014,10189
1,633,Huntington Park,Huntington Park,90255,April,2014,April-2014,10297
1,633,Huntington Park,Huntington Park,90255,May,2014,May-2014,9720
1,633,Huntington Park,Huntington Park,90255,June,2014,June-2014,10208
1,633,Huntington Park,Huntington Park,90255,July,2014,July-2014,13021
1,633,Huntington Park,Huntington Park,90255,August,2014,August-2014,9450
1,633,Huntington Park,Huntington Park,90255,September,2014,September-2014,10217
1,633,Huntington Park,Huntington Park,90255,October,2014,October-2014,9780
1,633,Huntington Park,Huntington Park,90255,November,2014,November-2014,10167
1,633,Huntington Park,Huntington Park,90255,December,2014,December-2014,8972
1,633,Huntington Park,Huntington Park,90255,January,2015,January-2015,10539
1,633,Huntington Park,Huntington Park,90255,February,2015,February-2015,10028
1,633,Huntington Park,Huntington Park,90255,March,2015,March-2015,11011
1,633,Huntington Park,Huntington Park,90255,April,2015,April-2015,10188
1,633,Huntington Park,Huntington Park,90255,May,2015,May-2015,9250
1,633,Huntington Park,Huntington Park,90255,June,2015,June-2015,10911
1,806,La Puente,La Puente,91744,January,2014,January-2014,6613
1,806,La Puente,La Puente,91744,February,2014,February-2014,6768
1,806,La Puente,La Puente,91744,March,2014,March-2014,7640
1,806,La Puente,La Puente,91744,April,2014,April-2014,8591
1,806,La Puente,La Puente,91744,May,2014,May-2014,7554
1,806,La Puente,La Puente,91744,June,2014,June-2014,7633
1,806,La Puente,La Puente,91744,August,2014,August-2014,7077
1,806,La Puente,La Puente,91744,September,2014,September-2014,8074
1,806,La Puente,La Puente,91744,October,2014,October-2014,12038
1,806,La Puente,La Puente,91744,November,2014,November-2014,10300
1,806,La Puente,La Puente,91744,December,2014,December-2014,9851
1,806,La Puente,La Puente,91744,January,2015,January-2015,9980
1,806,La Puente,La Puente,91744,February,2015,February-2015,7610
1,806,La Puente,La Puente,91744,March,2015,March-2015,7485
1,806,La Puente,La Puente,91744,April,2015,April-2015,8118
1,806,La Puente,La Puente,91744,May,2015,May-2015,6643
1,806,La Puente,La Puente,91744,June,2015,June-2015,6872
1,523,Leland R. Weaver,South Gate,90280,January,2014,January-2014,439
1,523,Leland R. Weaver,South Gate,90280,February,2014,February-2014,5942
1,523,Leland R. Weaver,South Gate,90280,March,2014,March-2014,14206
1,523,Leland R. Weaver,South Gate,90280,April,2014,April-2014,14704
1,523,Leland R. Weaver,South Gate,90280,May,2014,May-2014,12866
1,523,Leland R. Weaver,South Gate,90280,June,2014,June-2014,10975
1,523,Leland R. Weaver,South Gate,90280,July,2014,July-2014,13211
1,523,Leland R. Weaver,South Gate,90280,August,2014,August-2014,9795
1,523,Leland R. Weaver,South Gate,90280,September,2014,September-2014,12080
1,523,Leland R. Weaver,South Gate,90280,October,2014,October-2014,12280
1,523,Leland R. Weaver,South Gate,90280,November,2014,November-2014,10067
1,523,Leland R. Weaver,South Gate,90280,December,2014,December-2014,8928
1,523,Leland R. Weaver,South Gate,90280,January,2015,January-2015,12661
1,523,Leland R. Weaver,South Gate,90280,February,2015,February-2015,11464
1,523,Leland R. Weaver,South Gate,90280,March,2015,March-2015,11886
1,523,Leland R. Weaver,South Gate,90280,April,2015,April-2015,11219
1,523,Leland R. Weaver,South Gate,90280,May,2015,May-2015,10597
1,523,Leland R. Weaver,South Gate,90280,June,2015,June-2015,12377
1,635,Maywood Cesar Chavez,Maywood,90270,January,2014,January-2014,6576
1,635,Maywood Cesar Chavez,Maywood,90270,February,2014,February-2014,6000
1,635,Maywood Cesar Chavez,Maywood,90270,March,2014,March-2014,6186
1,635,Maywood Cesar Chavez,Maywood,90270,April,2014,April-2014,6401
1,635,Maywood Cesar Chavez,Maywood,90270,May,2014,May-2014,5675
1,635,Maywood Cesar Chavez,Maywood,90270,June,2014,June-2014,5115
1,635,Maywood Cesar Chavez,Maywood,90270,July,2014,July-2014,5920
1,635,Maywood Cesar Chavez,Maywood,90270,August,2014,August-2014,5155
1,635,Maywood Cesar Chavez,Maywood,90270,September,2014,September-2014,6120
1,635,Maywood Cesar Chavez,Maywood,90270,October,2014,October-2014,6169
1,635,Maywood Cesar Chavez,Maywood,90270,November,2014,November-2014,5640
1,635,Maywood Cesar Chavez,Maywood,90270,December,2014,December-2014,5395
1,635,Maywood Cesar Chavez,Maywood,90270,January,2015,January-2015,6428
1,635,Maywood Cesar Chavez,Maywood,90270,February,2015,February-2015,5686
1,635,Maywood Cesar Chavez,Maywood,90270,March,2015,March-2015,6718
1,635,Maywood Cesar Chavez,Maywood,90270,April,2015,April-2015,6003
1,635,Maywood Cesar Chavez,Maywood,90270,May,2015,May-2015,5232
1,635,Maywood Cesar Chavez,Maywood,90270,June,2015,June-2015,6267
1,601,Montebello,Montebello,90640,January,2014,January-2014,12387
1,601,Montebello,Montebello,90640,February,2014,February-2014,11028
1,601,Montebello,Montebello,90640,March,2014,March-2014,12054
1,601,Montebello,Montebello,90640,April,2014,April-2014,12884
1,601,Montebello,Montebello,90640,May,2014,May-2014,11770
1,601,Montebello,Montebello,90640,June,2014,June-2014,10060
1,601,Montebello,Montebello,90640,July,2014,July-2014,13936
1,601,Montebello,Montebello,90640,August,2014,August-2014,10744
1,601,Montebello,Montebello,90640,September,2014,September-2014,12235
1,601,Montebello,Montebello,90640,October,2014,October-2014,11779
1,601,Montebello,Montebello,90640,November,2014,November-2014,10581
1,601,Montebello,Montebello,90640,December,2014,December-2014,10544
1,601,Montebello,Montebello,90640,January,2015,January-2015,12798
1,601,Montebello,Montebello,90640,February,2015,February-2015,12889
1,601,Montebello,Montebello,90640,March,2015,March-2015,14352
1,601,Montebello,Montebello,90640,April,2015,April-2015,14326
1,601,Montebello,Montebello,90640,May,2015,May-2015,13102
1,601,Montebello,Montebello,90640,June,2015,June-2015,13525
1,832,Norwood,El Monte,91732,January,2014,January-2014,11614
1,832,Norwood,El Monte,91732,February,2014,February-2014,11268
1,832,Norwood,El Monte,91732,March,2014,March-2014,12210
1,832,Norwood,El Monte,91732,April,2014,April-2014,14314
1,832,Norwood,El Monte,91732,May,2014,May-2014,16050
1,832,Norwood,El Monte,91732,June,2014,June-2014,15595
1,832,Norwood,El Monte,91732,July,2014,July-2014,16881
1,832,Norwood,El Monte,91732,August,2014,August-2014,14346
1,832,Norwood,El Monte,91732,September,2014,September-2014,14248
1,832,Norwood,El Monte,91732,October,2014,October-2014,15516
1,832,Norwood,El Monte,91732,November,2014,November-2014,13044
1,832,Norwood,El Monte,91732,December,2014,December-2014,10281
1,832,Norwood,El Monte,91732,January,2015,January-2015,11662
1,832,Norwood,El Monte,91732,February,2015,February-2015,10805
1,832,Norwood,El Monte,91732,March,2015,March-2015,12114
1,832,Norwood,El Monte,91732,April,2015,April-2015,11688
1,832,Norwood,El Monte,91732,May,2015,May-2015,10672
1,832,Norwood,El Monte,91732,June,2015,June-2015,11162
1,636,Pico Rivera,Pico Rivera,90660,January,2014,January-2014,20734
1,636,Pico Rivera,Pico Rivera,90660,February,2014,February-2014,18481
1,636,Pico Rivera,Pico Rivera,90660,March,2014,March-2014,19905
1,636,Pico Rivera,Pico Rivera,90660,April,2014,April-2014,19642
1,636,Pico Rivera,Pico Rivera,90660,May,2014,May-2014,20455
1,636,Pico Rivera,Pico Rivera,90660,June,2014,June-2014,21902
1,636,Pico Rivera,Pico Rivera,90660,July,2014,July-2014,23778
1,636,Pico Rivera,Pico Rivera,90660,August,2014,August-2014,17853
1,636,Pico Rivera,Pico Rivera,90660,September,2014,September-2014,19552
1,636,Pico Rivera,Pico Rivera,90660,October,2014,October-2014,17833
1,636,Pico Rivera,Pico Rivera,90660,November,2014,November-2014,16359
1,636,Pico Rivera,Pico Rivera,90660,December,2014,December-2014,14925
1,636,Pico Rivera,Pico Rivera,90660,January,2015,January-2015,18409
1,636,Pico Rivera,Pico Rivera,90660,February,2015,February-2015,16760
1,636,Pico Rivera,Pico Rivera,90660,March,2015,March-2015,18479
1,636,Pico Rivera,Pico Rivera,90660,April,2015,April-2015,18328
1,636,Pico Rivera,Pico Rivera,90660,May,2015,May-2015,17112
1,636,Pico Rivera,Pico Rivera,90660,June,2015,June-2015,21555
1,637,Rivera,Pico Rivera,90660,January,2014,January-2014,5010
1,637,Rivera,Pico Rivera,90660,February,2014,February-2014,4367
1,637,Rivera,Pico Rivera,90660,March,2014,March-2014,4603
1,637,Rivera,Pico Rivera,90660,April,2014,April-2014,4684
1,637,Rivera,Pico Rivera,90660,May,2014,May-2014,4493
1,637,Rivera,Pico Rivera,90660,June,2014,June-2014,4613
1,637,Rivera,Pico Rivera,90660,July,2014,July-2014,5761
1,637,Rivera,Pico Rivera,90660,August,2014,August-2014,5005
1,637,Rivera,Pico Rivera,90660,September,2014,September-2014,4002
1,637,Rivera,Pico Rivera,90660,October,2014,October-2014,4315
1,637,Rivera,Pico Rivera,90660,November,2014,November-2014,4068
1,637,Rivera,Pico Rivera,90660,December,2014,December-2014,3929
1,637,Rivera,Pico Rivera,90660,January,2015,January-2015,3883
1,637,Rivera,Pico Rivera,90660,February,2015,February-2015,4358
1,637,Rivera,Pico Rivera,90660,March,2015,March-2015,4784
1,637,Rivera,Pico Rivera,90660,April,2015,April-2015,5021
1,637,Rivera,Pico Rivera,90660,May,2015,May-2015,3989
1,637,Rivera,Pico Rivera,90660,June,2015,June-2015,4506
1,624,Rosemead,Rosemead,91770,January,2014,January-2014,24569
1,624,Rosemead,Rosemead,91770,February,2014,February-2014,22693
1,624,Rosemead,Rosemead,91770,March,2014,March-2014,27031
1,624,Rosemead,Rosemead,91770,April,2014,April-2014,27467
1,624,Rosemead,Rosemead,91770,May,2014,May-2014,27148
1,624,Rosemead,Rosemead,91770,June,2014,June-2014,24941
1,624,Rosemead,Rosemead,91770,July,2014,July-2014,26242
1,624,Rosemead,Rosemead,91770,August,2014,August-2014,21145
1,624,Rosemead,Rosemead,91770,September,2014,September-2014,21622
1,624,Rosemead,Rosemead,91770,October,2014,October-2014,24875
1,624,Rosemead,Rosemead,91770,November,2014,November-2014,21759
1,624,Rosemead,Rosemead,91770,December,2014,December-2014,20273
1,624,Rosemead,Rosemead,91770,January,2015,January-2015,24320
1,624,Rosemead,Rosemead,91770,February,2015,February-2015,22569
1,624,Rosemead,Rosemead,91770,March,2015,March-2015,26953
1,624,Rosemead,Rosemead,91770,April,2015,April-2015,25791
1,624,Rosemead,Rosemead,91770,May,2015,May-2015,26706
1,624,Rosemead,Rosemead,91770,June,2015,June-2015,28490
1,833,South El Monte,South El Monte,91733,January,2014,January-2014,451
1,833,South El Monte,South El Monte,91733,February,2014,February-2014,501
1,833,South El Monte,South El Monte,91733,March,2014,March-2014,455
1,833,South El Monte,South El Monte,91733,April,2014,April-2014,448
1,833,South El Monte,South El Monte,91733,May,2014,May-2014,393
1,833,South El Monte,South El Monte,91733,June,2014,June-2014,477
1,833,South El Monte,South El Monte,91733,July,2014,July-2014,2736
1,833,South El Monte,South El Monte,91733,August,2014,August-2014,5382
1,833,South El Monte,South El Monte,91733,September,2014,September-2014,5574
1,833,South El Monte,South El Monte,91733,October,2014,October-2014,6555
1,833,South El Monte,South El Monte,91733,November,2014,November-2014,5000
1,833,South El Monte,South El Monte,91733,December,2014,December-2014,4318
1,833,South El Monte,South El Monte,91733,January,2015,January-2015,5463
1,833,South El Monte,South El Monte,91733,February,2015,February-2015,5549
1,833,South El Monte,South El Monte,91733,March,2015,March-2015,5714
1,833,South El Monte,South El Monte,91733,April,2015,April-2015,5234
1,833,South El Monte,South El Monte,91733,May,2015,May-2015,4741
1,833,South El Monte,South El Monte,91733,June,2015,June-2015,4507
1,810,Sunkist,La Puente,91746,January,2014,January-2014,13106
1,810,Sunkist,La Puente,91746,February,2014,February-2014,11817
1,810,Sunkist,La Puente,91746,March,2014,March-2014,13673
1,810,Sunkist,La Puente,91746,April,2014,April-2014,12621
1,810,Sunkist,La Puente,91746,May,2014,May-2014,11545
1,810,Sunkist,La Puente,91746,June,2014,June-2014,13241
1,810,Sunkist,La Puente,91746,July,2014,July-2014,12438
1,810,Sunkist,La Puente,91746,August,2014,August-2014,11219
1,810,Sunkist,La Puente,91746,September,2014,September-2014,12131
1,810,Sunkist,La Puente,91746,October,2014,October-2014,11373
1,810,Sunkist,La Puente,91746,November,2014,November-2014,8777
1,810,Sunkist,La Puente,91746,December,2014,December-2014,9498
1,810,Sunkist,La Puente,91746,January,2015,January-2015,11844
1,810,Sunkist,La Puente,91746,February,2015,February-2015,10585
1,810,Sunkist,La Puente,91746,March,2015,March-2015,12519
1,810,Sunkist,La Puente,91746,April,2015,April-2015,11519
1,810,Sunkist,La Puente,91746,May,2015,May-2015,10593
1,810,Sunkist,La Puente,91746,June,2015,June-2015,12578
1,809,Walnut,Walnut,91789,January,2014,January-2014,17196
1,809,Walnut,Walnut,91789,February,2014,February-2014,15454
1,809,Walnut,Walnut,91789,March,2014,March-2014,17193
1,809,Walnut,Walnut,91789,April,2014,April-2014,16162
1,809,Walnut,Walnut,91789,May,2014,May-2014,15193
1,809,Walnut,Walnut,91789,June,2014,June-2014,4733
1,809,Walnut,Walnut,91789,July,2014,July-2014,2422
1,809,Walnut,Walnut,91789,August,2014,August-2014,2804
1,809,Walnut,Walnut,91789,September,2014,September-2014,2189
1,809,Walnut,Walnut,91789,October,2014,October-2014,2329
1,809,Walnut,Walnut,91789,November,2014,November-2014,6153
1,809,Walnut,Walnut,91789,December,2014,December-2014,10920
1,809,Walnut,Walnut,91789,January,2015,January-2015,16023
1,809,Walnut,Walnut,91789,February,2015,February-2015,14572
1,809,Walnut,Walnut,91789,March,2015,March-2015,17875
1,809,Walnut,Walnut,91789,April,2015,April-2015,16920
1,809,Walnut,Walnut,91789,May,2015,May-2015,16698
1,809,Walnut,Walnut,91789,June,2015,June-2015,18261
1,801,West Covina,West Covina,91790,January,2014,January-2014,34768
1,801,West Covina,West Covina,91790,February,2014,February-2014,33233
1,801,West Covina,West Covina,91790,March,2014,March-2014,36052
1,801,West Covina,West Covina,91790,April,2014,April-2014,36532
1,801,West Covina,West Covina,91790,May,2014,May-2014,30674
1,801,West Covina,West Covina,91790,June,2014,June-2014,33304
1,801,West Covina,West Covina,91790,July,2014,July-2014,36361
1,801,West Covina,West Covina,91790,August,2014,August-2014,31080
1,801,West Covina,West Covina,91790,September,2014,September-2014,31664
1,801,West Covina,West Covina,91790,October,2014,October-2014,30945
1,801,West Covina,West Covina,91790,November,2014,November-2014,28869
1,801,West Covina,West Covina,91790,December,2014,December-2014,25523
1,801,West Covina,West Covina,91790,January,2015,January-2015,30639
1,801,West Covina,West Covina,91790,February,2015,February-2015,31042
1,801,West Covina,West Covina,91790,March,2015,March-2015,34101
1,801,West Covina,West Covina,91790,April,2015,April-2015,32591
1,801,West Covina,West Covina,91790,May,2015,May-2015,30380
1,801,West Covina,West Covina,91790,June,2015,June-2015,35042
2,530,A C Bilbrew,Los Angeles,90061,January,2014,January-2014,10945
2,530,A C Bilbrew,Los Angeles,90061,February,2014,February-2014,9186
2,530,A C Bilbrew,Los Angeles,90061,March,2014,March-2014,10532
2,530,A C Bilbrew,Los Angeles,90061,April,2014,April-2014,10829
2,530,A C Bilbrew,Los Angeles,90061,May,2014,May-2014,9949
2,530,A C Bilbrew,Los Angeles,90061,June,2014,June-2014,10338
2,530,A C Bilbrew,Los Angeles,90061,July,2014,July-2014,11741
2,530,A C Bilbrew,Los Angeles,90061,August,2014,August-2014,10361
2,530,A C Bilbrew,Los Angeles,90061,September,2014,September-2014,10470
2,530,A C Bilbrew,Los Angeles,90061,October,2014,October-2014,10161
2,530,A C Bilbrew,Los Angeles,90061,November,2014,November-2014,9414
2,530,A C Bilbrew,Los Angeles,90061,December,2014,December-2014,9360
2,530,A C Bilbrew,Los Angeles,90061,January,2015,January-2015,10774
2,530,A C Bilbrew,Los Angeles,90061,February,2015,February-2015,8813
2,530,A C Bilbrew,Los Angeles,90061,March,2015,March-2015,9823
2,530,A C Bilbrew,Los Angeles,90061,April,2015,April-2015,9757
2,530,A C Bilbrew,Los Angeles,90061,May,2015,May-2015,8329
2,530,A C Bilbrew,Los Angeles,90061,June,2015,June-2015,9855
2,301,Carson,Carson,90745,January,2014,January-2014,19577
2,301,Carson,Carson,90745,February,2014,February-2014,18613
2,301,Carson,Carson,90745,March,2014,March-2014,20592
2,301,Carson,Carson,90745,April,2014,April-2014,20915
2,301,Carson,Carson,90745,May,2014,May-2014,18136
2,301,Carson,Carson,90745,June,2014,June-2014,17375
2,301,Carson,Carson,90745,July,2014,July-2014,21010
2,301,Carson,Carson,90745,August,2014,August-2014,18331
2,301,Carson,Carson,90745,September,2014,September-2014,21819
2,301,Carson,Carson,90745,October,2014,October-2014,20754
2,301,Carson,Carson,90745,November,2014,November-2014,19182
2,301,Carson,Carson,90745,December,2014,December-2014,18303
2,301,Carson,Carson,90745,January,2015,January-2015,22076
2,301,Carson,Carson,90745,February,2015,February-2015,21622
2,301,Carson,Carson,90745,March,2015,March-2015,23229
2,301,Carson,Carson,90745,April,2015,April-2015,22219
2,301,Carson,Carson,90745,May,2015,May-2015,21089
2,301,Carson,Carson,90745,June,2015,June-2015,22292
2,531,Compton,Compton,90220,January,2014,January-2014,9647
2,531,Compton,Compton,90220,February,2014,February-2014,9255
2,531,Compton,Compton,90220,March,2014,March-2014,8644
2,531,Compton,Compton,90220,April,2014,April-2014,8129
2,531,Compton,Compton,90220,May,2014,May-2014,6968
2,531,Compton,Compton,90220,June,2014,June-2014,6923
2,531,Compton,Compton,90220,July,2014,July-2014,8551
2,531,Compton,Compton,90220,August,2014,August-2014,5999
2,531,Compton,Compton,90220,September,2014,September-2014,7392
2,531,Compton,Compton,90220,October,2014,October-2014,8084
2,531,Compton,Compton,90220,November,2014,November-2014,6933
2,531,Compton,Compton,90220,December,2014,December-2014,6246
2,531,Compton,Compton,90220,January,2015,January-2015,7734
2,531,Compton,Compton,90220,February,2015,February-2015,7868
2,531,Compton,Compton,90220,March,2015,March-2015,9058
2,531,Compton,Compton,90220,April,2015,April-2015,9044
2,531,Compton,Compton,90220,May,2015,May-2015,7621
2,531,Compton,Compton,90220,June,2015,June-2015,8697
2,330,Culver City Julian Dixon,Culver City,90230,January,2014,January-2014,31391
2,330,Culver City Julian Dixon,Culver City,90230,February,2014,February-2014,29044
2,330,Culver City Julian Dixon,Culver City,90230,March,2014,March-2014,30378
2,330,Culver City Julian Dixon,Culver City,90230,April,2014,April-2014,29555
2,330,Culver City Julian Dixon,Culver City,90230,May,2014,May-2014,28596
2,330,Culver City Julian Dixon,Culver City,90230,June,2014,June-2014,25927
2,330,Culver City Julian Dixon,Culver City,90230,July,2014,July-2014,31080
2,330,Culver City Julian Dixon,Culver City,90230,August,2014,August-2014,27612
2,330,Culver City Julian Dixon,Culver City,90230,September,2014,September-2014,27053
2,330,Culver City Julian Dixon,Culver City,90230,October,2014,October-2014,27923
2,330,Culver City Julian Dixon,Culver City,90230,November,2014,November-2014,25871
2,330,Culver City Julian Dixon,Culver City,90230,December,2014,December-2014,25024
2,330,Culver City Julian Dixon,Culver City,90230,January,2015,January-2015,10542
2,330,Culver City Julian Dixon,Culver City,90230,February,2015,February-2015,10396
2,330,Culver City Julian Dixon,Culver City,90230,March,2015,March-2015,11454
2,330,Culver City Julian Dixon,Culver City,90230,April,2015,April-2015,10601
2,330,Culver City Julian Dixon,Culver City,90230,May,2015,May-2015,10724
2,330,Culver City Julian Dixon,Culver City,90230,June,2015,June-2015,10182
2,321,"Dr. Martin Luther King, Jr.",Carson,90746,January,2014,January-2014,2720
2,321,"Dr. Martin Luther King, Jr.",Carson,90746,February,2014,February-2014,2642
2,321,"Dr. Martin Luther King, Jr.",Carson,90746,March,2014,March-2014,2806
2,321,"Dr. Martin Luther King, Jr.",Carson,90746,April,2014,April-2014,3193
2,321,"Dr. Martin Luther King, Jr.",Carson,90746,May,2014,May-2014,2699
2,321,"Dr. Martin Luther King, Jr.",Carson,90746,June,2014,June-2014,3065
2,321,"Dr. Martin Luther King, Jr.",Carson,90746,July,2014,July-2014,3595
2,321,"Dr. Martin Luther King, Jr.",Carson,90746,August,2014,August-2014,2703
2,321,"Dr. Martin Luther King, Jr.",Carson,90746,September,2014,September-2014,2651
2,321,"Dr. Martin Luther King, Jr.",Carson,90746,October,2014,October-2014,2333
2,321,"Dr. Martin Luther King, Jr.",Carson,90746,November,2014,November-2014,2117
2,321,"Dr. Martin Luther King, Jr.",Carson,90746,December,2014,December-2014,1930
2,321,"Dr. Martin Luther King, Jr.",Carson,90746,January,2015,January-2015,2269
2,321,"Dr. Martin Luther King, Jr.",Carson,90746,February,2015,February-2015,2159
2,321,"Dr. Martin Luther King, Jr.",Carson,90746,March,2015,March-2015,2393
2,321,"Dr. Martin Luther King, Jr.",Carson,90746,April,2015,April-2015,2551
2,321,"Dr. Martin Luther King, Jr.",Carson,90746,May,2015,May-2015,2228
2,321,"Dr. Martin Luther King, Jr.",Carson,90746,June,2015,June-2015,2507
2,532,East Rancho Dominguez,E. Rancho Dominguez,90221,January,2014,January-2014,5464
2,532,East Rancho Dominguez,E. Rancho Dominguez,90221,February,2014,February-2014,4872
2,532,East Rancho Dominguez,E. Rancho Dominguez,90221,March,2014,March-2014,6056
2,532,East Rancho Dominguez,E. Rancho Dominguez,90221,April,2014,April-2014,6128
2,532,East Rancho Dominguez,E. Rancho Dominguez,90221,May,2014,May-2014,5669
2,532,East Rancho Dominguez,E. Rancho Dominguez,90221,June,2014,June-2014,5849
2,532,East Rancho Dominguez,E. Rancho Dominguez,90221,July,2014,July-2014,6394
2,532,East Rancho Dominguez,E. Rancho Dominguez,90221,August,2014,August-2014,6154
2,532,East Rancho Dominguez,E. Rancho Dominguez,90221,September,2014,September-2014,6115
2,532,East Rancho Dominguez,E. Rancho Dominguez,90221,October,2014,October-2014,7130
2,532,East Rancho Dominguez,E. Rancho Dominguez,90221,November,2014,November-2014,5860
2,532,East Rancho Dominguez,E. Rancho Dominguez,90221,December,2014,December-2014,5758
2,532,East Rancho Dominguez,E. Rancho Dominguez,90221,January,2015,January-2015,5396
2,532,East Rancho Dominguez,E. Rancho Dominguez,90221,February,2015,February-2015,5832
2,532,East Rancho Dominguez,E. Rancho Dominguez,90221,March,2015,March-2015,6294
2,532,East Rancho Dominguez,E. Rancho Dominguez,90221,April,2015,April-2015,5656
2,532,East Rancho Dominguez,E. Rancho Dominguez,90221,May,2015,May-2015,5136
2,532,East Rancho Dominguez,E. Rancho Dominguez,90221,June,2015,June-2015,6980
2,533,Florence,Los Angeles,90001,January,2014,January-2014,8784
2,533,Florence,Los Angeles,90001,February,2014,February-2014,7888
2,533,Florence,Los Angeles,90001,March,2014,March-2014,8619
2,533,Florence,Los Angeles,90001,April,2014,April-2014,8385
2,533,Florence,Los Angeles,90001,May,2014,May-2014,6767
2,533,Florence,Los Angeles,90001,June,2014,June-2014,8530
2,533,Florence,Los Angeles,90001,July,2014,July-2014,8651
2,533,Florence,Los Angeles,90001,August,2014,August-2014,6941
2,533,Florence,Los Angeles,90001,September,2014,September-2014,7323
2,533,Florence,Los Angeles,90001,October,2014,October-2014,7294
2,533,Florence,Los Angeles,90001,November,2014,November-2014,6362
2,533,Florence,Los Angeles,90001,December,2014,December-2014,6541
2,533,Florence,Los Angeles,90001,January,2015,January-2015,7814
2,533,Florence,Los Angeles,90001,February,2015,February-2015,7469
2,533,Florence,Los Angeles,90001,March,2015,March-2015,8180
2,533,Florence,Los Angeles,90001,April,2015,April-2015,7570
2,533,Florence,Los Angeles,90001,May,2015,May-2015,6138
2,533,Florence,Los Angeles,90001,June,2015,June-2015,8382
2,313,Gardena Mayme Dear,Gardena,90247,January,2014,January-2014,12045
2,313,Gardena Mayme Dear,Gardena,90247,February,2014,February-2014,10824
2,313,Gardena Mayme Dear,Gardena,90247,March,2014,March-2014,12665
2,313,Gardena Mayme Dear,Gardena,90247,April,2014,April-2014,11681
2,313,Gardena Mayme Dear,Gardena,90247,May,2014,May-2014,10582
2,313,Gardena Mayme Dear,Gardena,90247,June,2014,June-2014,10563
2,313,Gardena Mayme Dear,Gardena,90247,July,2014,July-2014,12362
2,313,Gardena Mayme Dear,Gardena,90247,August,2014,August-2014,10777
2,313,Gardena Mayme Dear,Gardena,90247,September,2014,September-2014,11817
2,313,Gardena Mayme Dear,Gardena,90247,October,2014,October-2014,12072
2,313,Gardena Mayme Dear,Gardena,90247,November,2014,November-2014,10977
2,313,Gardena Mayme Dear,Gardena,90247,December,2014,December-2014,10930
2,313,Gardena Mayme Dear,Gardena,90247,January,2015,January-2015,12716
2,313,Gardena Mayme Dear,Gardena,90247,February,2015,February-2015,12357
2,313,Gardena Mayme Dear,Gardena,90247,March,2015,March-2015,13786
2,313,Gardena Mayme Dear,Gardena,90247,April,2015,April-2015,13464
2,313,Gardena Mayme Dear,Gardena,90247,May,2015,May-2015,12868
2,313,Gardena Mayme Dear,Gardena,90247,June,2015,June-2015,13047
2,534,Graham,Los Angeles,90001,January,2014,January-2014,8726
2,534,Graham,Los Angeles,90001,February,2014,February-2014,8664
2,534,Graham,Los Angeles,90001,March,2014,March-2014,9758
2,534,Graham,Los Angeles,90001,April,2014,April-2014,9127
2,534,Graham,Los Angeles,90001,May,2014,May-2014,7963
2,534,Graham,Los Angeles,90001,June,2014,June-2014,9210
2,534,Graham,Los Angeles,90001,July,2014,July-2014,9784
2,534,Graham,Los Angeles,90001,August,2014,August-2014,7322
2,534,Graham,Los Angeles,90001,September,2014,September-2014,8168
2,534,Graham,Los Angeles,90001,October,2014,October-2014,7358
2,534,Graham,Los Angeles,90001,November,2014,November-2014,7206
2,534,Graham,Los Angeles,90001,December,2014,December-2014,6529
2,534,Graham,Los Angeles,90001,January,2015,January-2015,7779
2,534,Graham,Los Angeles,90001,February,2015,February-2015,7107
2,534,Graham,Los Angeles,90001,March,2015,March-2015,8434
2,534,Graham,Los Angeles,90001,April,2015,April-2015,7712
2,534,Graham,Los Angeles,90001,May,2015,May-2015,7278
2,534,Graham,Los Angeles,90001,June,2015,June-2015,8819
2,331,Hawthorne,Hawthorne,90250,January,2014,January-2014,12929
2,331,Hawthorne,Hawthorne,90250,February,2014,February-2014,11907
2,331,Hawthorne,Hawthorne,90250,March,2014,March-2014,12479
2,331,Hawthorne,Hawthorne,90250,April,2014,April-2014,12831
2,331,Hawthorne,Hawthorne,90250,May,2014,May-2014,10543
2,331,Hawthorne,Hawthorne,90250,June,2014,June-2014,9818
2,331,Hawthorne,Hawthorne,90250,July,2014,July-2014,12614
2,331,Hawthorne,Hawthorne,90250,August,2014,August-2014,10425
2,331,Hawthorne,Hawthorne,90250,September,2014,September-2014,10394
2,331,Hawthorne,Hawthorne,90250,October,2014,October-2014,11059
2,331,Hawthorne,Hawthorne,90250,November,2014,November-2014,9953
2,331,Hawthorne,Hawthorne,90250,December,2014,December-2014,9672
2,331,Hawthorne,Hawthorne,90250,January,2015,January-2015,11307
2,331,Hawthorne,Hawthorne,90250,February,2015,February-2015,10592
2,331,Hawthorne,Hawthorne,90250,March,2015,March-2015,11214
2,331,Hawthorne,Hawthorne,90250,April,2015,April-2015,11467
2,331,Hawthorne,Hawthorne,90250,May,2015,May-2015,11271
2,331,Hawthorne,Hawthorne,90250,June,2015,June-2015,11633
2,316,Lawndale,Lawndale,90260,January,2014,January-2014,13578
2,316,Lawndale,Lawndale,90260,February,2014,February-2014,12738
2,316,Lawndale,Lawndale,90260,March,2014,March-2014,14232
2,316,Lawndale,Lawndale,90260,April,2014,April-2014,13351
2,316,Lawndale,Lawndale,90260,May,2014,May-2014,12607
2,316,Lawndale,Lawndale,90260,June,2014,June-2014,12099
2,316,Lawndale,Lawndale,90260,July,2014,July-2014,13487
2,316,Lawndale,Lawndale,90260,August,2014,August-2014,12090
2,316,Lawndale,Lawndale,90260,September,2014,September-2014,12208
2,316,Lawndale,Lawndale,90260,October,2014,October-2014,12323
2,316,Lawndale,Lawndale,90260,November,2014,November-2014,10107
2,316,Lawndale,Lawndale,90260,December,2014,December-2014,9046
2,316,Lawndale,Lawndale,90260,January,2015,January-2015,11534
2,316,Lawndale,Lawndale,90260,February,2015,February-2015,11112
2,316,Lawndale,Lawndale,90260,March,2015,March-2015,11631
2,316,Lawndale,Lawndale,90260,April,2015,April-2015,12045
2,316,Lawndale,Lawndale,90260,May,2015,May-2015,11441
2,316,Lawndale,Lawndale,90260,June,2015,June-2015,11813
2,333,Lennox,Lennox,90304,January,2014,January-2014,872
2,333,Lennox,Lennox,90304,February,2014,February-2014,780
2,333,Lennox,Lennox,90304,March,2014,March-2014,984
2,333,Lennox,Lennox,90304,April,2014,April-2014,14660
2,333,Lennox,Lennox,90304,May,2014,May-2014,11746
2,333,Lennox,Lennox,90304,June,2014,June-2014,11512
2,333,Lennox,Lennox,90304,July,2014,July-2014,13362
2,333,Lennox,Lennox,90304,August,2014,August-2014,10699
2,333,Lennox,Lennox,90304,September,2014,September-2014,9889
2,333,Lennox,Lennox,90304,October,2014,October-2014,9847
2,333,Lennox,Lennox,90304,November,2014,November-2014,7411
2,333,Lennox,Lennox,90304,December,2014,December-2014,7282
2,333,Lennox,Lennox,90304,January,2015,January-2015,8918
2,333,Lennox,Lennox,90304,February,2015,February-2015,8077
2,333,Lennox,Lennox,90304,March,2015,March-2015,9084
2,333,Lennox,Lennox,90304,April,2015,April-2015,10622
2,333,Lennox,Lennox,90304,May,2015,May-2015,8265
2,333,Lennox,Lennox,90304,June,2015,June-2015,8213
2,519,Lynwood,Lynwood,90262,January,2014,January-2014,16163
2,519,Lynwood,Lynwood,90262,February,2014,February-2014,14644
2,519,Lynwood,Lynwood,90262,March,2014,March-2014,14692
2,519,Lynwood,Lynwood,90262,April,2014,April-2014,15670
2,519,Lynwood,Lynwood,90262,May,2014,May-2014,13863
2,519,Lynwood,Lynwood,90262,June,2014,June-2014,12677
2,519,Lynwood,Lynwood,90262,July,2014,July-2014,16311
2,519,Lynwood,Lynwood,90262,August,2014,August-2014,14550
2,519,Lynwood,Lynwood,90262,September,2014,September-2014,15734
2,519,Lynwood,Lynwood,90262,October,2014,October-2014,16431
2,519,Lynwood,Lynwood,90262,November,2014,November-2014,13781
2,519,Lynwood,Lynwood,90262,December,2014,December-2014,12848
2,519,Lynwood,Lynwood,90262,January,2015,January-2015,13987
2,519,Lynwood,Lynwood,90262,February,2015,February-2015,12514
2,519,Lynwood,Lynwood,90262,March,2015,March-2015,14459
2,519,Lynwood,Lynwood,90262,April,2015,April-2015,13577
2,519,Lynwood,Lynwood,90262,May,2015,May-2015,12086
2,519,Lynwood,Lynwood,90262,June,2015,June-2015,13619
2,320,Masao W. Satow,Gardena,90249,January,2014,January-2014,7789
2,320,Masao W. Satow,Gardena,90249,February,2014,February-2014,7486
2,320,Masao W. Satow,Gardena,90249,March,2014,March-2014,7825
2,320,Masao W. Satow,Gardena,90249,April,2014,April-2014,7473
2,320,Masao W. Satow,Gardena,90249,May,2014,May-2014,7032
2,320,Masao W. Satow,Gardena,90249,June,2014,June-2014,8031
2,320,Masao W. Satow,Gardena,90249,July,2014,July-2014,8301
2,320,Masao W. Satow,Gardena,90249,August,2014,August-2014,7434
2,320,Masao W. Satow,Gardena,90249,September,2014,September-2014,7131
2,320,Masao W. Satow,Gardena,90249,October,2014,October-2014,7404
2,320,Masao W. Satow,Gardena,90249,November,2014,November-2014,7237
2,320,Masao W. Satow,Gardena,90249,December,2014,December-2014,7006
2,320,Masao W. Satow,Gardena,90249,January,2015,January-2015,7393
2,320,Masao W. Satow,Gardena,90249,February,2015,February-2015,7589
2,320,Masao W. Satow,Gardena,90249,March,2015,March-2015,8496
2,320,Masao W. Satow,Gardena,90249,April,2015,April-2015,8048
2,320,Masao W. Satow,Gardena,90249,May,2015,May-2015,7714
2,320,Masao W. Satow,Gardena,90249,June,2015,June-2015,8087
2,336,View Park,Los Angeles,90043,January,2014,January-2014,7598
2,336,View Park,Los Angeles,90043,February,2014,February-2014,6844
2,336,View Park,Los Angeles,90043,March,2014,March-2014,7179
2,336,View Park,Los Angeles,90043,April,2014,April-2014,7631
2,336,View Park,Los Angeles,90043,May,2014,May-2014,6971
2,336,View Park,Los Angeles,90043,June,2014,June-2014,8000
2,336,View Park,Los Angeles,90043,July,2014,July-2014,8915
2,336,View Park,Los Angeles,90043,August,2014,August-2014,7191
2,336,View Park,Los Angeles,90043,September,2014,September-2014,7446
2,336,View Park,Los Angeles,90043,October,2014,October-2014,6949
2,336,View Park,Los Angeles,90043,November,2014,November-2014,6868
2,336,View Park,Los Angeles,90043,December,2014,December-2014,7033
2,336,View Park,Los Angeles,90043,January,2015,January-2015,7721
2,336,View Park,Los Angeles,90043,February,2015,February-2015,7783
2,336,View Park,Los Angeles,90043,March,2015,March-2015,7897
2,336,View Park,Los Angeles,90043,April,2015,April-2015,7666
2,336,View Park,Los Angeles,90043,May,2015,May-2015,7518
2,336,View Park,Los Angeles,90043,June,2015,June-2015,8300
2,535,Willowbrook,Los Angeles,90059,January,2014,January-2014,5749
2,535,Willowbrook,Los Angeles,90059,February,2014,February-2014,4457
2,535,Willowbrook,Los Angeles,90059,March,2014,March-2014,5070
2,535,Willowbrook,Los Angeles,90059,April,2014,April-2014,5358
2,535,Willowbrook,Los Angeles,90059,May,2014,May-2014,4785
2,535,Willowbrook,Los Angeles,90059,June,2014,June-2014,5151
2,535,Willowbrook,Los Angeles,90059,July,2014,July-2014,5810
2,535,Willowbrook,Los Angeles,90059,August,2014,August-2014,5052
2,535,Willowbrook,Los Angeles,90059,September,2014,September-2014,4827
2,535,Willowbrook,Los Angeles,90059,October,2014,October-2014,5372
2,535,Willowbrook,Los Angeles,90059,November,2014,November-2014,4826
2,535,Willowbrook,Los Angeles,90059,December,2014,December-2014,5083
2,535,Willowbrook,Los Angeles,90059,January,2015,January-2015,5283
2,535,Willowbrook,Los Angeles,90059,February,2015,February-2015,4561
2,535,Willowbrook,Los Angeles,90059,March,2015,March-2015,4850
2,535,Willowbrook,Los Angeles,90059,April,2015,April-2015,5240
2,535,Willowbrook,Los Angeles,90059,May,2015,May-2015,4651
2,535,Willowbrook,Los Angeles,90059,June,2015,June-2015,6001
2,337,Wiseburn,Hawthorne,90250,January,2014,January-2014,6421
2,337,Wiseburn,Hawthorne,90250,February,2014,February-2014,6346
2,337,Wiseburn,Hawthorne,90250,March,2014,March-2014,6943
2,337,Wiseburn,Hawthorne,90250,April,2014,April-2014,7434
2,337,Wiseburn,Hawthorne,90250,May,2014,May-2014,6323
2,337,Wiseburn,Hawthorne,90250,June,2014,June-2014,6131
2,337,Wiseburn,Hawthorne,90250,July,2014,July-2014,7972
2,337,Wiseburn,Hawthorne,90250,August,2014,August-2014,6659
2,337,Wiseburn,Hawthorne,90250,September,2014,September-2014,5977
2,337,Wiseburn,Hawthorne,90250,October,2014,October-2014,7036
2,337,Wiseburn,Hawthorne,90250,November,2014,November-2014,5822
2,337,Wiseburn,Hawthorne,90250,December,2014,December-2014,5601
2,337,Wiseburn,Hawthorne,90250,January,2015,January-2015,6697
2,337,Wiseburn,Hawthorne,90250,February,2015,February-2015,6882
2,337,Wiseburn,Hawthorne,90250,March,2015,March-2015,6619
2,337,Wiseburn,Hawthorne,90250,April,2015,April-2015,7220
2,337,Wiseburn,Hawthorne,90250,May,2015,May-2015,6998
2,337,Wiseburn,Hawthorne,90250,June,2015,June-2015,6803
2,338,Woodcrest,Los Angeles,90044,January,2014,January-2014,8294
2,338,Woodcrest,Los Angeles,90044,February,2014,February-2014,7165
2,338,Woodcrest,Los Angeles,90044,March,2014,March-2014,7289
2,338,Woodcrest,Los Angeles,90044,April,2014,April-2014,6761
2,338,Woodcrest,Los Angeles,90044,May,2014,May-2014,6686
2,338,Woodcrest,Los Angeles,90044,June,2014,June-2014,7366
2,338,Woodcrest,Los Angeles,90044,July,2014,July-2014,8268
2,338,Woodcrest,Los Angeles,90044,August,2014,August-2014,6795
2,338,Woodcrest,Los Angeles,90044,September,2014,September-2014,6606
2,338,Woodcrest,Los Angeles,90044,October,2014,October-2014,6854
2,338,Woodcrest,Los Angeles,90044,November,2014,November-2014,5657
2,338,Woodcrest,Los Angeles,90044,December,2014,December-2014,6306
2,338,Woodcrest,Los Angeles,90044,January,2015,January-2015,6510
2,338,Woodcrest,Los Angeles,90044,February,2015,February-2015,6355
2,338,Woodcrest,Los Angeles,90044,March,2015,March-2015,6461
2,338,Woodcrest,Los Angeles,90044,April,2015,April-2015,6513
2,338,Woodcrest,Los Angeles,90044,May,2015,May-2015,6708
2,338,Woodcrest,Los Angeles,90044,June,2015,June-2015,6661
3,116,Agoura Hills,Agoura Hills,91301,January,2014,January-2014,16692
3,116,Agoura Hills,Agoura Hills,91301,February,2014,February-2014,15247
3,116,Agoura Hills,Agoura Hills,91301,March,2014,March-2014,15754
3,116,Agoura Hills,Agoura Hills,91301,April,2014,April-2014,16278
3,116,Agoura Hills,Agoura Hills,91301,May,2014,May-2014,16134
3,116,Agoura Hills,Agoura Hills,91301,June,2014,June-2014,15617
3,116,Agoura Hills,Agoura Hills,91301,July,2014,July-2014,18110
3,116,Agoura Hills,Agoura Hills,91301,August,2014,August-2014,17087
3,116,Agoura Hills,Agoura Hills,91301,September,2014,September-2014,17008
3,116,Agoura Hills,Agoura Hills,91301,October,2014,October-2014,16052
3,116,Agoura Hills,Agoura Hills,91301,November,2014,November-2014,15330
3,116,Agoura Hills,Agoura Hills,91301,December,2014,December-2014,16425
3,116,Agoura Hills,Agoura Hills,91301,January,2015,January-2015,18137
3,116,Agoura Hills,Agoura Hills,91301,February,2015,February-2015,17995
3,116,Agoura Hills,Agoura Hills,91301,March,2015,March-2015,19954
3,116,Agoura Hills,Agoura Hills,91301,April,2015,April-2015,19862
3,116,Agoura Hills,Agoura Hills,91301,May,2015,May-2015,19614
3,116,Agoura Hills,Agoura Hills,91301,June,2015,June-2015,20701
3,117,Malibu,Malibu,90265,January,2014,January-2014,7678
3,117,Malibu,Malibu,90265,February,2014,February-2014,7446
3,117,Malibu,Malibu,90265,March,2014,March-2014,8033
3,117,Malibu,Malibu,90265,April,2014,April-2014,7505
3,117,Malibu,Malibu,90265,May,2014,May-2014,6906
3,117,Malibu,Malibu,90265,June,2014,June-2014,7146
3,117,Malibu,Malibu,90265,July,2014,July-2014,7229
3,117,Malibu,Malibu,90265,August,2014,August-2014,7083
3,117,Malibu,Malibu,90265,September,2014,September-2014,7394
3,117,Malibu,Malibu,90265,October,2014,October-2014,7292
3,117,Malibu,Malibu,90265,November,2014,November-2014,5710
3,117,Malibu,Malibu,90265,December,2014,December-2014,6249
3,117,Malibu,Malibu,90265,January,2015,January-2015,7709
3,117,Malibu,Malibu,90265,February,2015,February-2015,8017
3,117,Malibu,Malibu,90265,March,2015,March-2015,9452
3,117,Malibu,Malibu,90265,April,2015,April-2015,9191
3,117,Malibu,Malibu,90265,May,2015,May-2015,8751
3,117,Malibu,Malibu,90265,June,2015,June-2015,9585
3,107,San Fernando,San Fernando,91340,January,2014,January-2014,8220
3,107,San Fernando,San Fernando,91340,February,2014,February-2014,8156
3,107,San Fernando,San Fernando,91340,March,2014,March-2014,8996
3,107,San Fernando,San Fernando,91340,April,2014,April-2014,11806
3,107,San Fernando,San Fernando,91340,May,2014,May-2014,11240
3,107,San Fernando,San Fernando,91340,June,2014,June-2014,11088
3,107,San Fernando,San Fernando,91340,July,2014,July-2014,11132
3,107,San Fernando,San Fernando,91340,August,2014,August-2014,9758
3,107,San Fernando,San Fernando,91340,September,2014,September-2014,11121
3,107,San Fernando,San Fernando,91340,October,2014,October-2014,10062
3,107,San Fernando,San Fernando,91340,November,2014,November-2014,13669
3,107,San Fernando,San Fernando,91340,December,2014,December-2014,12273
3,107,San Fernando,San Fernando,91340,January,2015,January-2015,10090
3,107,San Fernando,San Fernando,91340,February,2015,February-2015,9313
3,107,San Fernando,San Fernando,91340,March,2015,March-2015,10776
3,107,San Fernando,San Fernando,91340,April,2015,April-2015,10728
3,107,San Fernando,San Fernando,91340,May,2015,May-2015,11009
3,107,San Fernando,San Fernando,91340,June,2015,June-2015,12547
3,109,Topanga,Topanga,90290,January,2014,January-2014,9441
3,109,Topanga,Topanga,90290,February,2014,February-2014,8834
3,109,Topanga,Topanga,90290,March,2014,March-2014,9315
3,109,Topanga,Topanga,90290,April,2014,April-2014,9305
3,109,Topanga,Topanga,90290,May,2014,May-2014,8743
3,109,Topanga,Topanga,90290,June,2014,June-2014,7699
3,109,Topanga,Topanga,90290,July,2014,July-2014,9546
3,109,Topanga,Topanga,90290,August,2014,August-2014,9702
3,109,Topanga,Topanga,90290,September,2014,September-2014,9342
3,109,Topanga,Topanga,90290,October,2014,October-2014,9152
3,109,Topanga,Topanga,90290,November,2014,November-2014,8298
3,109,Topanga,Topanga,90290,December,2014,December-2014,8226
3,109,Topanga,Topanga,90290,January,2015,January-2015,8234
3,109,Topanga,Topanga,90290,February,2015,February-2015,8931
3,109,Topanga,Topanga,90290,March,2015,March-2015,9277
3,109,Topanga,Topanga,90290,April,2015,April-2015,8756
3,109,Topanga,Topanga,90290,May,2015,May-2015,9084
3,109,Topanga,Topanga,90290,June,2015,June-2015,9812
3,335,West Hollywood,West Hollywood,90069,January,2014,January-2014,25393
3,335,West Hollywood,West Hollywood,90069,February,2014,February-2014,23681
3,335,West Hollywood,West Hollywood,90069,March,2014,March-2014,26155
3,335,West Hollywood,West Hollywood,90069,April,2014,April-2014,25224
3,335,West Hollywood,West Hollywood,90069,May,2014,May-2014,24749
3,335,West Hollywood,West Hollywood,90069,June,2014,June-2014,22378
3,335,West Hollywood,West Hollywood,90069,July,2014,July-2014,26093
3,335,West Hollywood,West Hollywood,90069,August,2014,August-2014,23673
3,335,West Hollywood,West Hollywood,90069,September,2014,September-2014,23297
3,335,West Hollywood,West Hollywood,90069,October,2014,October-2014,21991
3,335,West Hollywood,West Hollywood,90069,November,2014,November-2014,20541
3,335,West Hollywood,West Hollywood,90069,December,2014,December-2014,21038
3,335,West Hollywood,West Hollywood,90069,January,2015,January-2015,23829
3,335,West Hollywood,West Hollywood,90069,February,2015,February-2015,24480
3,335,West Hollywood,West Hollywood,90069,March,2015,March-2015,26233
3,335,West Hollywood,West Hollywood,90069,April,2015,April-2015,26347
3,335,West Hollywood,West Hollywood,90069,May,2015,May-2015,25902
3,335,West Hollywood,West Hollywood,90069,June,2015,June-2015,24768
3,118,Westlake Village,Westlake Village,91361,January,2014,January-2014,13789
3,118,Westlake Village,Westlake Village,91361,February,2014,February-2014,12231
3,118,Westlake Village,Westlake Village,91361,March,2014,March-2014,13310
3,118,Westlake Village,Westlake Village,91361,April,2014,April-2014,13370
3,118,Westlake Village,Westlake Village,91361,May,2014,May-2014,12289
3,118,Westlake Village,Westlake Village,91361,June,2014,June-2014,13255
3,118,Westlake Village,Westlake Village,91361,July,2014,July-2014,14387
3,118,Westlake Village,Westlake Village,91361,August,2014,August-2014,13279
3,118,Westlake Village,Westlake Village,91361,September,2014,September-2014,12548
3,118,Westlake Village,Westlake Village,91361,October,2014,October-2014,12650
3,118,Westlake Village,Westlake Village,91361,November,2014,November-2014,11144
3,118,Westlake Village,Westlake Village,91361,December,2014,December-2014,10508
3,118,Westlake Village,Westlake Village,91361,January,2015,January-2015,12402
3,118,Westlake Village,Westlake Village,91361,February,2015,February-2015,12534
3,118,Westlake Village,Westlake Village,91361,March,2015,March-2015,13545
3,118,Westlake Village,Westlake Village,91361,April,2015,April-2015,13776
3,118,Westlake Village,Westlake Village,91361,May,2015,May-2015,13825
3,118,Westlake Village,Westlake Village,91361,June,2015,June-2015,14467
4,516,Alondra,Norwalk,90650,January,2014,January-2014,6501
4,516,Alondra,Norwalk,90650,February,2014,February-2014,6529
4,516,Alondra,Norwalk,90650,March,2014,March-2014,6724
4,516,Alondra,Norwalk,90650,April,2014,April-2014,6062
4,516,Alondra,Norwalk,90650,May,2014,May-2014,6178
4,516,Alondra,Norwalk,90650,June,2014,June-2014,4705
4,516,Alondra,Norwalk,90650,July,2014,July-2014,6679
4,516,Alondra,Norwalk,90650,August,2014,August-2014,4802
4,516,Alondra,Norwalk,90650,September,2014,September-2014,6175
4,516,Alondra,Norwalk,90650,October,2014,October-2014,6668
4,516,Alondra,Norwalk,90650,November,2014,November-2014,5107
4,516,Alondra,Norwalk,90650,December,2014,December-2014,5603
4,516,Alondra,Norwalk,90650,January,2015,January-2015,6375
4,516,Alondra,Norwalk,90650,February,2015,February-2015,5750
4,516,Alondra,Norwalk,90650,March,2015,March-2015,6219
4,516,Alondra,Norwalk,90650,April,2015,April-2015,6379
4,516,Alondra,Norwalk,90650,May,2015,May-2015,6221
4,516,Alondra,Norwalk,90650,June,2015,June-2015,5107
4,509,Angelo M. Iacoboni,Lakewood,90712,January,2014,January-2014,30279
4,509,Angelo M. Iacoboni,Lakewood,90712,February,2014,February-2014,27351
4,509,Angelo M. Iacoboni,Lakewood,90712,March,2014,March-2014,29383
4,509,Angelo M. Iacoboni,Lakewood,90712,April,2014,April-2014,30740
4,509,Angelo M. Iacoboni,Lakewood,90712,May,2014,May-2014,30231
4,509,Angelo M. Iacoboni,Lakewood,90712,June,2014,June-2014,28264
4,509,Angelo M. Iacoboni,Lakewood,90712,July,2014,July-2014,33643
4,509,Angelo M. Iacoboni,Lakewood,90712,August,2014,August-2014,28635
4,509,Angelo M. Iacoboni,Lakewood,90712,September,2014,September-2014,29204
4,509,Angelo M. Iacoboni,Lakewood,90712,October,2014,October-2014,30985
4,509,Angelo M. Iacoboni,Lakewood,90712,November,2014,November-2014,29256
4,509,Angelo M. Iacoboni,Lakewood,90712,December,2014,December-2014,28001
4,509,Angelo M. Iacoboni,Lakewood,90712,January,2015,January-2015,32029
4,509,Angelo M. Iacoboni,Lakewood,90712,February,2015,February-2015,32462
4,509,Angelo M. Iacoboni,Lakewood,90712,March,2015,March-2015,35589
4,509,Angelo M. Iacoboni,Lakewood,90712,April,2015,April-2015,34208
4,509,Angelo M. Iacoboni,Lakewood,90712,May,2015,May-2015,34563
4,509,Angelo M. Iacoboni,Lakewood,90712,June,2015,June-2015,33802
4,503,Artesia,Artesia,90701,January,2014,January-2014,8318
4,503,Artesia,Artesia,90701,February,2014,February-2014,8394
4,503,Artesia,Artesia,90701,March,2014,March-2014,8791
4,503,Artesia,Artesia,90701,April,2014,April-2014,8595
4,503,Artesia,Artesia,90701,May,2014,May-2014,8270
4,503,Artesia,Artesia,90701,June,2014,June-2014,7566
4,503,Artesia,Artesia,90701,July,2014,July-2014,8675
4,503,Artesia,Artesia,90701,August,2014,August-2014,6565
4,503,Artesia,Artesia,90701,September,2014,September-2014,7154
4,503,Artesia,Artesia,90701,October,2014,October-2014,8199
4,503,Artesia,Artesia,90701,November,2014,November-2014,7746
4,503,Artesia,Artesia,90701,December,2014,December-2014,7563
4,503,Artesia,Artesia,90701,January,2015,January-2015,8817
4,503,Artesia,Artesia,90701,February,2015,February-2015,8085
4,503,Artesia,Artesia,90701,March,2015,March-2015,8824
4,503,Artesia,Artesia,90701,April,2015,April-2015,8537
4,503,Artesia,Artesia,90701,May,2015,May-2015,8174
4,503,Artesia,Artesia,90701,June,2015,June-2015,7896
4,322,Avalon,Avalon,90704,January,2014,January-2014,2711
4,322,Avalon,Avalon,90704,February,2014,February-2014,2457
4,322,Avalon,Avalon,90704,March,2014,March-2014,2236
4,322,Avalon,Avalon,90704,April,2014,April-2014,2580
4,322,Avalon,Avalon,90704,May,2014,May-2014,2366
4,322,Avalon,Avalon,90704,June,2014,June-2014,2877
4,322,Avalon,Avalon,90704,July,2014,July-2014,3567
4,322,Avalon,Avalon,90704,August,2014,August-2014,3104
4,322,Avalon,Avalon,90704,September,2014,September-2014,2855
4,322,Avalon,Avalon,90704,October,2014,October-2014,2745
4,322,Avalon,Avalon,90704,November,2014,November-2014,2403
4,322,Avalon,Avalon,90704,December,2014,December-2014,2283
4,322,Avalon,Avalon,90704,January,2015,January-2015,2902
4,322,Avalon,Avalon,90704,February,2015,February-2015,2874
4,322,Avalon,Avalon,90704,March,2015,March-2015,2997
4,322,Avalon,Avalon,90704,April,2015,April-2015,2660
4,322,Avalon,Avalon,90704,May,2015,May-2015,2750
4,322,Avalon,Avalon,90704,June,2015,June-2015,2955
4,505,Clifton M. Brakensiek,Bellflower,90706,January,2014,January-2014,12889
4,505,Clifton M. Brakensiek,Bellflower,90706,February,2014,February-2014,11926
4,505,Clifton M. Brakensiek,Bellflower,90706,March,2014,March-2014,16193
4,505,Clifton M. Brakensiek,Bellflower,90706,April,2014,April-2014,20475
4,505,Clifton M. Brakensiek,Bellflower,90706,May,2014,May-2014,18864
4,505,Clifton M. Brakensiek,Bellflower,90706,June,2014,June-2014,17208
4,505,Clifton M. Brakensiek,Bellflower,90706,July,2014,July-2014,22533
4,505,Clifton M. Brakensiek,Bellflower,90706,August,2014,August-2014,16862
4,505,Clifton M. Brakensiek,Bellflower,90706,September,2014,September-2014,17992
4,505,Clifton M. Brakensiek,Bellflower,90706,October,2014,October-2014,17370
4,505,Clifton M. Brakensiek,Bellflower,90706,November,2014,November-2014,15627
4,505,Clifton M. Brakensiek,Bellflower,90706,December,2014,December-2014,15452
4,505,Clifton M. Brakensiek,Bellflower,90706,January,2015,January-2015,16198
4,505,Clifton M. Brakensiek,Bellflower,90706,February,2015,February-2015,14002
4,505,Clifton M. Brakensiek,Bellflower,90706,March,2015,March-2015,17603
4,505,Clifton M. Brakensiek,Bellflower,90706,April,2015,April-2015,18066
4,505,Clifton M. Brakensiek,Bellflower,90706,May,2015,May-2015,16259
4,505,Clifton M. Brakensiek,Bellflower,90706,June,2015,June-2015,18112
4,816,Diamond Bar,Diamond Bar,91765,January,2014,January-2014,31676
4,816,Diamond Bar,Diamond Bar,91765,February,2014,February-2014,29300
4,816,Diamond Bar,Diamond Bar,91765,March,2014,March-2014,33241
4,816,Diamond Bar,Diamond Bar,91765,April,2014,April-2014,30797
4,816,Diamond Bar,Diamond Bar,91765,May,2014,May-2014,29486
4,816,Diamond Bar,Diamond Bar,91765,June,2014,June-2014,39102
4,816,Diamond Bar,Diamond Bar,91765,July,2014,July-2014,42032
4,816,Diamond Bar,Diamond Bar,91765,August,2014,August-2014,38144
4,816,Diamond Bar,Diamond Bar,91765,September,2014,September-2014,37781
4,816,Diamond Bar,Diamond Bar,91765,October,2014,October-2014,38406
4,816,Diamond Bar,Diamond Bar,91765,November,2014,November-2014,37377
4,816,Diamond Bar,Diamond Bar,91765,December,2014,December-2014,33865
4,816,Diamond Bar,Diamond Bar,91765,January,2015,January-2015,37272
4,816,Diamond Bar,Diamond Bar,91765,February,2015,February-2015,35472
4,816,Diamond Bar,Diamond Bar,91765,March,2015,March-2015,40268
4,816,Diamond Bar,Diamond Bar,91765,April,2015,April-2015,39767
4,816,Diamond Bar,Diamond Bar,91765,May,2015,May-2015,37014
4,816,Diamond Bar,Diamond Bar,91765,June,2015,June-2015,45097
4,515,"George Nye, Jr.",Lakewood,90713,January,2014,January-2014,7013
4,515,"George Nye, Jr.",Lakewood,90713,February,2014,February-2014,6061
4,515,"George Nye, Jr.",Lakewood,90713,March,2014,March-2014,6483
4,515,"George Nye, Jr.",Lakewood,90713,April,2014,April-2014,6485
4,515,"George Nye, Jr.",Lakewood,90713,May,2014,May-2014,6025
4,515,"George Nye, Jr.",Lakewood,90713,June,2014,June-2014,6150
4,515,"George Nye, Jr.",Lakewood,90713,July,2014,July-2014,7086
4,515,"George Nye, Jr.",Lakewood,90713,August,2014,August-2014,6090
4,515,"George Nye, Jr.",Lakewood,90713,September,2014,September-2014,6034
4,515,"George Nye, Jr.",Lakewood,90713,October,2014,October-2014,6267
4,515,"George Nye, Jr.",Lakewood,90713,November,2014,November-2014,5081
4,515,"George Nye, Jr.",Lakewood,90713,December,2014,December-2014,4880
4,515,"George Nye, Jr.",Lakewood,90713,January,2015,January-2015,5741
4,515,"George Nye, Jr.",Lakewood,90713,February,2015,February-2015,5648
4,515,"George Nye, Jr.",Lakewood,90713,March,2015,March-2015,6542
4,515,"George Nye, Jr.",Lakewood,90713,April,2015,April-2015,6355
4,515,"George Nye, Jr.",Lakewood,90713,May,2015,May-2015,6029
4,515,"George Nye, Jr.",Lakewood,90713,June,2015,June-2015,6337
4,815,Hacienda Heights,Hacienda Heights,91745,January,2014,January-2014,25426
4,815,Hacienda Heights,Hacienda Heights,91745,February,2014,February-2014,23436
4,815,Hacienda Heights,Hacienda Heights,91745,March,2014,March-2014,26222
4,815,Hacienda Heights,Hacienda Heights,91745,April,2014,April-2014,26558
4,815,Hacienda Heights,Hacienda Heights,91745,May,2014,May-2014,24311
4,815,Hacienda Heights,Hacienda Heights,91745,June,2014,June-2014,27332
4,815,Hacienda Heights,Hacienda Heights,91745,July,2014,July-2014,27513
4,815,Hacienda Heights,Hacienda Heights,91745,August,2014,August-2014,26102
4,815,Hacienda Heights,Hacienda Heights,91745,September,2014,September-2014,28010
4,815,Hacienda Heights,Hacienda Heights,91745,October,2014,October-2014,26638
4,815,Hacienda Heights,Hacienda Heights,91745,November,2014,November-2014,23739
4,815,Hacienda Heights,Hacienda Heights,91745,December,2014,December-2014,23060
4,815,Hacienda Heights,Hacienda Heights,91745,January,2015,January-2015,25921
4,815,Hacienda Heights,Hacienda Heights,91745,February,2015,February-2015,25249
4,815,Hacienda Heights,Hacienda Heights,91745,March,2015,March-2015,29504
4,815,Hacienda Heights,Hacienda Heights,91745,April,2015,April-2015,27704
4,815,Hacienda Heights,Hacienda Heights,91745,May,2015,May-2015,25975
4,815,Hacienda Heights,Hacienda Heights,91745,June,2015,June-2015,27636
4,507,Hawaiian Gardens,Hawaiian Gardens,90716,January,2014,January-2014,6001
4,507,Hawaiian Gardens,Hawaiian Gardens,90716,February,2014,February-2014,4982
4,507,Hawaiian Gardens,Hawaiian Gardens,90716,March,2014,March-2014,5195
4,507,Hawaiian Gardens,Hawaiian Gardens,90716,April,2014,April-2014,5307
4,507,Hawaiian Gardens,Hawaiian Gardens,90716,May,2014,May-2014,4751
4,507,Hawaiian Gardens,Hawaiian Gardens,90716,June,2014,June-2014,4487
4,507,Hawaiian Gardens,Hawaiian Gardens,90716,July,2014,July-2014,5238
4,507,Hawaiian Gardens,Hawaiian Gardens,90716,August,2014,August-2014,3788
4,507,Hawaiian Gardens,Hawaiian Gardens,90716,September,2014,September-2014,4749
4,507,Hawaiian Gardens,Hawaiian Gardens,90716,October,2014,October-2014,5495
4,507,Hawaiian Gardens,Hawaiian Gardens,90716,November,2014,November-2014,4512
4,507,Hawaiian Gardens,Hawaiian Gardens,90716,December,2014,December-2014,4285
4,507,Hawaiian Gardens,Hawaiian Gardens,90716,January,2015,January-2015,5094
4,507,Hawaiian Gardens,Hawaiian Gardens,90716,February,2015,February-2015,4846
4,507,Hawaiian Gardens,Hawaiian Gardens,90716,March,2015,March-2015,5213
4,507,Hawaiian Gardens,Hawaiian Gardens,90716,April,2015,April-2015,5126
4,507,Hawaiian Gardens,Hawaiian Gardens,90716,May,2015,May-2015,5275
4,507,Hawaiian Gardens,Hawaiian Gardens,90716,June,2015,June-2015,5073
4,314,Hermosa Beach,Hermosa Beach,90254,January,2014,January-2014,12703
4,314,Hermosa Beach,Hermosa Beach,90254,February,2014,February-2014,11371
4,314,Hermosa Beach,Hermosa Beach,90254,March,2014,March-2014,11548
4,314,Hermosa Beach,Hermosa Beach,90254,April,2014,April-2014,12080
4,314,Hermosa Beach,Hermosa Beach,90254,May,2014,May-2014,12448
4,314,Hermosa Beach,Hermosa Beach,90254,June,2014,June-2014,11374
4,314,Hermosa Beach,Hermosa Beach,90254,July,2014,July-2014,13480
4,314,Hermosa Beach,Hermosa Beach,90254,August,2014,August-2014,11604
4,314,Hermosa Beach,Hermosa Beach,90254,September,2014,September-2014,11076
4,314,Hermosa Beach,Hermosa Beach,90254,October,2014,October-2014,12058
4,314,Hermosa Beach,Hermosa Beach,90254,November,2014,November-2014,10696
4,314,Hermosa Beach,Hermosa Beach,90254,December,2014,December-2014,10582
4,314,Hermosa Beach,Hermosa Beach,90254,January,2015,January-2015,13436
4,314,Hermosa Beach,Hermosa Beach,90254,February,2015,February-2015,13126
4,314,Hermosa Beach,Hermosa Beach,90254,March,2015,March-2015,13311
4,314,Hermosa Beach,Hermosa Beach,90254,April,2015,April-2015,13494
4,314,Hermosa Beach,Hermosa Beach,90254,May,2015,May-2015,11869
4,314,Hermosa Beach,Hermosa Beach,90254,June,2015,June-2015,10723
4,508,La Mirada,La Mirada,90638,January,2014,January-2014,15822
4,508,La Mirada,La Mirada,90638,February,2014,February-2014,15462
4,508,La Mirada,La Mirada,90638,March,2014,March-2014,16819
4,508,La Mirada,La Mirada,90638,April,2014,April-2014,17298
4,508,La Mirada,La Mirada,90638,May,2014,May-2014,16365
4,508,La Mirada,La Mirada,90638,June,2014,June-2014,15991
4,508,La Mirada,La Mirada,90638,July,2014,July-2014,19056
4,508,La Mirada,La Mirada,90638,August,2014,August-2014,14820
4,508,La Mirada,La Mirada,90638,September,2014,September-2014,15754
4,508,La Mirada,La Mirada,90638,October,2014,October-2014,16201
4,508,La Mirada,La Mirada,90638,November,2014,November-2014,13676
4,508,La Mirada,La Mirada,90638,December,2014,December-2014,13665
4,508,La Mirada,La Mirada,90638,January,2015,January-2015,16228
4,508,La Mirada,La Mirada,90638,February,2015,February-2015,17206
4,508,La Mirada,La Mirada,90638,March,2015,March-2015,18839
4,508,La Mirada,La Mirada,90638,April,2015,April-2015,18052
4,508,La Mirada,La Mirada,90638,May,2015,May-2015,16826
4,508,La Mirada,La Mirada,90638,June,2015,June-2015,18837
4,334,Lloyd Taber-Marina Del Rey,Marina Del Rey,90292,January,2014,January-2014,14686
4,334,Lloyd Taber-Marina Del Rey,Marina Del Rey,90292,February,2014,February-2014,13479
4,334,Lloyd Taber-Marina Del Rey,Marina Del Rey,90292,March,2014,March-2014,14219
4,334,Lloyd Taber-Marina Del Rey,Marina Del Rey,90292,April,2014,April-2014,14243
4,334,Lloyd Taber-Marina Del Rey,Marina Del Rey,90292,May,2014,May-2014,14091
4,334,Lloyd Taber-Marina Del Rey,Marina Del Rey,90292,June,2014,June-2014,14369
4,334,Lloyd Taber-Marina Del Rey,Marina Del Rey,90292,July,2014,July-2014,14490
4,334,Lloyd Taber-Marina Del Rey,Marina Del Rey,90292,August,2014,August-2014,13537
4,334,Lloyd Taber-Marina Del Rey,Marina Del Rey,90292,September,2014,September-2014,13277
4,334,Lloyd Taber-Marina Del Rey,Marina Del Rey,90292,October,2014,October-2014,13137
4,334,Lloyd Taber-Marina Del Rey,Marina Del Rey,90292,November,2014,November-2014,11427
4,334,Lloyd Taber-Marina Del Rey,Marina Del Rey,90292,December,2014,December-2014,13259
4,334,Lloyd Taber-Marina Del Rey,Marina Del Rey,90292,January,2015,January-2015,15709
4,334,Lloyd Taber-Marina Del Rey,Marina Del Rey,90292,February,2015,February-2015,16140
4,334,Lloyd Taber-Marina Del Rey,Marina Del Rey,90292,March,2015,March-2015,17039
4,334,Lloyd Taber-Marina Del Rey,Marina Del Rey,90292,April,2015,April-2015,16701
4,334,Lloyd Taber-Marina Del Rey,Marina Del Rey,90292,May,2015,May-2015,15815
4,334,Lloyd Taber-Marina Del Rey,Marina Del Rey,90292,June,2015,June-2015,17081
4,317,Lomita,Lomita,90717,January,2014,January-2014,8201
4,317,Lomita,Lomita,90717,February,2014,February-2014,7479
4,317,Lomita,Lomita,90717,March,2014,March-2014,8579
4,317,Lomita,Lomita,90717,April,2014,April-2014,8592
4,317,Lomita,Lomita,90717,May,2014,May-2014,7831
4,317,Lomita,Lomita,90717,June,2014,June-2014,7782
4,317,Lomita,Lomita,90717,July,2014,July-2014,8844
4,317,Lomita,Lomita,90717,August,2014,August-2014,7395
4,317,Lomita,Lomita,90717,September,2014,September-2014,6973
4,317,Lomita,Lomita,90717,October,2014,October-2014,7454
4,317,Lomita,Lomita,90717,November,2014,November-2014,6734
4,317,Lomita,Lomita,90717,December,2014,December-2014,6649
4,317,Lomita,Lomita,90717,January,2015,January-2015,7496
4,317,Lomita,Lomita,90717,February,2015,February-2015,7134
4,317,Lomita,Lomita,90717,March,2015,March-2015,7710
4,317,Lomita,Lomita,90717,April,2015,April-2015,7657
4,317,Lomita,Lomita,90717,May,2015,May-2015,7915
4,317,Lomita,Lomita,90717,June,2015,June-2015,8779
4,634,Los Nietos,Whittier,90606,January,2014,January-2014,3812
4,634,Los Nietos,Whittier,90606,February,2014,February-2014,3439
4,634,Los Nietos,Whittier,90606,March,2014,March-2014,4291
4,634,Los Nietos,Whittier,90606,April,2014,April-2014,3862
4,634,Los Nietos,Whittier,90606,May,2014,May-2014,3674
4,634,Los Nietos,Whittier,90606,June,2014,June-2014,4263
4,634,Los Nietos,Whittier,90606,July,2014,July-2014,4594
4,634,Los Nietos,Whittier,90606,August,2014,August-2014,4038
4,634,Los Nietos,Whittier,90606,September,2014,September-2014,4271
4,634,Los Nietos,Whittier,90606,October,2014,October-2014,4425
4,634,Los Nietos,Whittier,90606,November,2014,November-2014,3598
4,634,Los Nietos,Whittier,90606,December,2014,December-2014,3702
4,634,Los Nietos,Whittier,90606,January,2015,January-2015,3834
4,634,Los Nietos,Whittier,90606,February,2015,February-2015,3852
4,634,Los Nietos,Whittier,90606,March,2015,March-2015,4137
4,634,Los Nietos,Whittier,90606,April,2015,April-2015,4227
4,634,Los Nietos,Whittier,90606,May,2015,May-2015,3769
4,634,Los Nietos,Whittier,90606,June,2015,June-2015,4425
4,318,Manhattan Beach,Manhattan Beach,90266,January,2014,January-2014,3738
4,318,Manhattan Beach,Manhattan Beach,90266,February,2014,February-2014,3289
4,318,Manhattan Beach,Manhattan Beach,90266,March,2014,March-2014,3612
4,318,Manhattan Beach,Manhattan Beach,90266,April,2014,April-2014,3497
4,318,Manhattan Beach,Manhattan Beach,90266,May,2014,May-2014,3617
4,318,Manhattan Beach,Manhattan Beach,90266,June,2014,June-2014,3356
4,318,Manhattan Beach,Manhattan Beach,90266,July,2014,July-2014,3984
4,318,Manhattan Beach,Manhattan Beach,90266,August,2014,August-2014,3403
4,318,Manhattan Beach,Manhattan Beach,90266,September,2014,September-2014,3077
4,318,Manhattan Beach,Manhattan Beach,90266,October,2014,October-2014,3559
4,318,Manhattan Beach,Manhattan Beach,90266,November,2014,November-2014,3199
4,318,Manhattan Beach,Manhattan Beach,90266,December,2014,December-2014,3340
4,318,Manhattan Beach,Manhattan Beach,90266,January,2015,January-2015,4329
4,318,Manhattan Beach,Manhattan Beach,90266,February,2015,February-2015,5274
4,318,Manhattan Beach,Manhattan Beach,90266,March,2015,March-2015,5407
4,318,Manhattan Beach,Manhattan Beach,90266,April,2015,April-2015,4683
4,318,Manhattan Beach,Manhattan Beach,90266,May,2015,May-2015,22956
4,318,Manhattan Beach,Manhattan Beach,90266,June,2015,June-2015,24512
4,501,Norwalk,Norwalk,90650,January,2014,January-2014,18216
4,501,Norwalk,Norwalk,90650,February,2014,February-2014,17859
4,501,Norwalk,Norwalk,90650,March,2014,March-2014,19940
4,501,Norwalk,Norwalk,90650,April,2014,April-2014,19895
4,501,Norwalk,Norwalk,90650,May,2014,May-2014,17910
4,501,Norwalk,Norwalk,90650,June,2014,June-2014,18929
4,501,Norwalk,Norwalk,90650,July,2014,July-2014,23966
4,501,Norwalk,Norwalk,90650,August,2014,August-2014,18475
4,501,Norwalk,Norwalk,90650,September,2014,September-2014,22334
4,501,Norwalk,Norwalk,90650,October,2014,October-2014,21849
4,501,Norwalk,Norwalk,90650,November,2014,November-2014,19415
4,501,Norwalk,Norwalk,90650,December,2014,December-2014,19815
4,501,Norwalk,Norwalk,90650,January,2015,January-2015,21627
4,501,Norwalk,Norwalk,90650,February,2015,February-2015,20700
4,501,Norwalk,Norwalk,90650,March,2015,March-2015,24563
4,501,Norwalk,Norwalk,90650,April,2015,April-2015,22741
4,501,Norwalk,Norwalk,90650,May,2015,May-2015,21154
4,501,Norwalk,Norwalk,90650,June,2015,June-2015,24732
4,511,Paramount,Paramount,90723,January,2014,January-2014,8701
4,511,Paramount,Paramount,90723,February,2014,February-2014,8129
4,511,Paramount,Paramount,90723,March,2014,March-2014,8704
4,511,Paramount,Paramount,90723,April,2014,April-2014,8556
4,511,Paramount,Paramount,90723,May,2014,May-2014,7621
4,511,Paramount,Paramount,90723,June,2014,June-2014,7391
4,511,Paramount,Paramount,90723,July,2014,July-2014,9233
4,511,Paramount,Paramount,90723,August,2014,August-2014,7155
4,511,Paramount,Paramount,90723,September,2014,September-2014,7750
4,511,Paramount,Paramount,90723,October,2014,October-2014,8145
4,511,Paramount,Paramount,90723,November,2014,November-2014,6961
4,511,Paramount,Paramount,90723,December,2014,December-2014,6638
4,511,Paramount,Paramount,90723,January,2015,January-2015,7811
4,511,Paramount,Paramount,90723,February,2015,February-2015,8082
4,511,Paramount,Paramount,90723,March,2015,March-2015,7927
4,511,Paramount,Paramount,90723,April,2015,April-2015,8735
4,511,Paramount,Paramount,90723,May,2015,May-2015,7959
4,511,Paramount,Paramount,90723,June,2015,June-2015,8537
4,817,Rowland Heights,Rowland Heights,91748,January,2014,January-2014,37057
4,817,Rowland Heights,Rowland Heights,91748,February,2014,February-2014,33240
4,817,Rowland Heights,Rowland Heights,91748,March,2014,March-2014,37545
5,105,Acton Agua Dulce,Acton,93510,June,2015,June-2015,7814
4,817,Rowland Heights,Rowland Heights,91748,April,2014,April-2014,34561
4,817,Rowland Heights,Rowland Heights,91748,May,2014,May-2014,33238
4,817,Rowland Heights,Rowland Heights,91748,June,2014,June-2014,36592
4,817,Rowland Heights,Rowland Heights,91748,July,2014,July-2014,36373
4,817,Rowland Heights,Rowland Heights,91748,August,2014,August-2014,34453
4,817,Rowland Heights,Rowland Heights,91748,September,2014,September-2014,35938
4,817,Rowland Heights,Rowland Heights,91748,October,2014,October-2014,36810
4,817,Rowland Heights,Rowland Heights,91748,November,2014,November-2014,32966
4,817,Rowland Heights,Rowland Heights,91748,December,2014,December-2014,30766
4,817,Rowland Heights,Rowland Heights,91748,January,2015,January-2015,35195
4,817,Rowland Heights,Rowland Heights,91748,February,2015,February-2015,35429
4,817,Rowland Heights,Rowland Heights,91748,March,2015,March-2015,39292
4,817,Rowland Heights,Rowland Heights,91748,April,2015,April-2015,35563
4,817,Rowland Heights,Rowland Heights,91748,May,2015,May-2015,35815
4,817,Rowland Heights,Rowland Heights,91748,June,2015,June-2015,36215
4,638,Sorensen,Whittier,90606,January,2014,January-2014,12220
4,638,Sorensen,Whittier,90606,February,2014,February-2014,11003
4,638,Sorensen,Whittier,90606,March,2014,March-2014,12774
4,638,Sorensen,Whittier,90606,April,2014,April-2014,10867
4,638,Sorensen,Whittier,90606,May,2014,May-2014,9944
4,638,Sorensen,Whittier,90606,June,2014,June-2014,11320
4,638,Sorensen,Whittier,90606,July,2014,July-2014,11281
4,638,Sorensen,Whittier,90606,August,2014,August-2014,9881
4,638,Sorensen,Whittier,90606,September,2014,September-2014,11313
4,638,Sorensen,Whittier,90606,October,2014,October-2014,11563
4,638,Sorensen,Whittier,90606,November,2014,November-2014,10572
4,638,Sorensen,Whittier,90606,December,2014,December-2014,10271
4,638,Sorensen,Whittier,90606,January,2015,January-2015,11406
4,638,Sorensen,Whittier,90606,February,2015,February-2015,10998
4,638,Sorensen,Whittier,90606,March,2015,March-2015,12434
4,638,Sorensen,Whittier,90606,April,2015,April-2015,11845
4,638,Sorensen,Whittier,90606,May,2015,May-2015,11122
4,638,Sorensen,Whittier,90606,June,2015,June-2015,12245
4,514,South Whittier,Whittier,90604,January,2014,January-2014,7205
4,514,South Whittier,Whittier,90604,February,2014,February-2014,6051
4,514,South Whittier,Whittier,90604,March,2014,March-2014,6576
4,514,South Whittier,Whittier,90604,April,2014,April-2014,6523
4,514,South Whittier,Whittier,90604,May,2014,May-2014,6167
4,514,South Whittier,Whittier,90604,June,2014,June-2014,5797
4,514,South Whittier,Whittier,90604,July,2014,July-2014,6213
4,514,South Whittier,Whittier,90604,August,2014,August-2014,5873
4,514,South Whittier,Whittier,90604,September,2014,September-2014,6188
4,514,South Whittier,Whittier,90604,October,2014,October-2014,6345
4,514,South Whittier,Whittier,90604,November,2014,November-2014,5695
4,514,South Whittier,Whittier,90604,December,2014,December-2014,5268
4,514,South Whittier,Whittier,90604,January,2015,January-2015,6048
4,514,South Whittier,Whittier,90604,February,2015,February-2015,5681
4,514,South Whittier,Whittier,90604,March,2015,March-2015,6702
4,514,South Whittier,Whittier,90604,April,2015,April-2015,6464
4,514,South Whittier,Whittier,90604,May,2015,May-2015,5945
4,514,South Whittier,Whittier,90604,June,2015,June-2015,6466
5,105,Acton Agua Dulce,Acton,93510,January,2014,January-2014,11887
5,105,Acton Agua Dulce,Acton,93510,February,2014,February-2014,10024
5,105,Acton Agua Dulce,Acton,93510,March,2014,March-2014,9637
5,105,Acton Agua Dulce,Acton,93510,April,2014,April-2014,13007
5,105,Acton Agua Dulce,Acton,93510,May,2014,May-2014,13488
5,105,Acton Agua Dulce,Acton,93510,June,2014,June-2014,13243
5,105,Acton Agua Dulce,Acton,93510,July,2014,July-2014,9078
5,105,Acton Agua Dulce,Acton,93510,August,2014,August-2014,8773
5,105,Acton Agua Dulce,Acton,93510,September,2014,September-2014,9653
5,105,Acton Agua Dulce,Acton,93510,October,2014,October-2014,10778
5,105,Acton Agua Dulce,Acton,93510,November,2014,November-2014,11056
5,105,Acton Agua Dulce,Acton,93510,December,2014,December-2014,14578
5,105,Acton Agua Dulce,Acton,93510,January,2015,January-2015,13864
5,105,Acton Agua Dulce,Acton,93510,February,2015,February-2015,9587
5,105,Acton Agua Dulce,Acton,93510,March,2015,March-2015,7766
5,105,Acton Agua Dulce,Acton,93510,April,2015,April-2015,7883
5,105,Acton Agua Dulce,Acton,93510,May,2015,May-2015,9033
5,111,Castaic,Castaic,91384,January,2014,January-2014,7029
5,111,Castaic,Castaic,91384,February,2014,February-2014,6807
5,111,Castaic,Castaic,91384,March,2014,March-2014,7491
5,111,Castaic,Castaic,91384,April,2014,April-2014,6896
5,111,Castaic,Castaic,91384,May,2014,May-2014,6513
5,111,Castaic,Castaic,91384,June,2014,June-2014,6834
5,111,Castaic,Castaic,91384,July,2014,July-2014,7032
5,111,Castaic,Castaic,91384,August,2014,August-2014,6289
5,111,Castaic,Castaic,91384,September,2014,September-2014,4751
5,111,Castaic,Castaic,91384,October,2014,October-2014,1759
5,111,Castaic,Castaic,91384,November,2014,November-2014,1618
5,111,Castaic,Castaic,91384,December,2014,December-2014,1599
5,111,Castaic,Castaic,91384,January,2015,January-2015,4244
5,111,Castaic,Castaic,91384,February,2015,February-2015,4599
5,111,Castaic,Castaic,91384,March,2015,March-2015,10600
5,111,Castaic,Castaic,91384,April,2015,April-2015,11591
5,111,Castaic,Castaic,91384,May,2015,May-2015,9473
5,111,Castaic,Castaic,91384,June,2015,June-2015,10696
5,812,Charter Oak,Covina,91724,January,2014,January-2014,7892
5,812,Charter Oak,Covina,91724,February,2014,February-2014,7434
5,812,Charter Oak,Covina,91724,March,2014,March-2014,8805
5,812,Charter Oak,Covina,91724,April,2014,April-2014,7878
5,812,Charter Oak,Covina,91724,May,2014,May-2014,8035
5,812,Charter Oak,Covina,91724,June,2014,June-2014,8812
5,812,Charter Oak,Covina,91724,July,2014,July-2014,8488
5,812,Charter Oak,Covina,91724,August,2014,August-2014,8136
5,812,Charter Oak,Covina,91724,September,2014,September-2014,8306
5,812,Charter Oak,Covina,91724,October,2014,October-2014,8284
5,812,Charter Oak,Covina,91724,November,2014,November-2014,7024
5,812,Charter Oak,Covina,91724,December,2014,December-2014,6873
5,812,Charter Oak,Covina,91724,January,2015,January-2015,8130
5,812,Charter Oak,Covina,91724,February,2015,February-2015,8353
5,812,Charter Oak,Covina,91724,March,2015,March-2015,8547
5,812,Charter Oak,Covina,91724,April,2015,April-2015,8153
5,812,Charter Oak,Covina,91724,May,2015,May-2015,8578
5,812,Charter Oak,Covina,91724,June,2015,June-2015,8886
5,805,Duarte,Duarte,91010,January,2014,January-2014,8798
5,805,Duarte,Duarte,91010,February,2014,February-2014,7241
5,805,Duarte,Duarte,91010,March,2014,March-2014,7879
5,805,Duarte,Duarte,91010,April,2014,April-2014,7921
5,805,Duarte,Duarte,91010,May,2014,May-2014,8096
5,805,Duarte,Duarte,91010,June,2014,June-2014,7752
5,805,Duarte,Duarte,91010,July,2014,July-2014,8601
5,805,Duarte,Duarte,91010,August,2014,August-2014,7394
5,805,Duarte,Duarte,91010,September,2014,September-2014,7874
5,805,Duarte,Duarte,91010,October,2014,October-2014,8266
5,805,Duarte,Duarte,91010,November,2014,November-2014,7339
5,805,Duarte,Duarte,91010,December,2014,December-2014,7755
5,805,Duarte,Duarte,91010,January,2015,January-2015,8940
5,805,Duarte,Duarte,91010,February,2015,February-2015,8709
5,805,Duarte,Duarte,91010,March,2015,March-2015,9455
5,805,Duarte,Duarte,91010,April,2015,April-2015,9242
5,805,Duarte,Duarte,91010,May,2015,May-2015,8779
5,805,Duarte,Duarte,91010,June,2015,June-2015,9171
5,114,La Canada Flintridge,La Canada Flintridge,91011,January,2014,January-2014,17508
5,114,La Canada Flintridge,La Canada Flintridge,91011,February,2014,February-2014,16731
5,114,La Canada Flintridge,La Canada Flintridge,91011,March,2014,March-2014,19951
5,114,La Canada Flintridge,La Canada Flintridge,91011,April,2014,April-2014,18324
5,114,La Canada Flintridge,La Canada Flintridge,91011,May,2014,May-2014,18233
5,114,La Canada Flintridge,La Canada Flintridge,91011,June,2014,June-2014,20587
5,114,La Canada Flintridge,La Canada Flintridge,91011,July,2014,July-2014,21075
5,114,La Canada Flintridge,La Canada Flintridge,91011,August,2014,August-2014,19784
5,114,La Canada Flintridge,La Canada Flintridge,91011,September,2014,September-2014,19976
5,114,La Canada Flintridge,La Canada Flintridge,91011,October,2014,October-2014,18964
5,114,La Canada Flintridge,La Canada Flintridge,91011,November,2014,November-2014,17645
5,114,La Canada Flintridge,La Canada Flintridge,91011,December,2014,December-2014,17746
5,114,La Canada Flintridge,La Canada Flintridge,91011,January,2015,January-2015,19981
5,114,La Canada Flintridge,La Canada Flintridge,91011,February,2015,February-2015,19660
5,114,La Canada Flintridge,La Canada Flintridge,91011,March,2015,March-2015,23259
5,114,La Canada Flintridge,La Canada Flintridge,91011,April,2015,April-2015,21712
5,114,La Canada Flintridge,La Canada Flintridge,91011,May,2015,May-2015,21218
5,114,La Canada Flintridge,La Canada Flintridge,91011,June,2015,June-2015,24354
5,115,La Crescenta,La Crescenta,91214,January,2014,January-2014,27105
5,115,La Crescenta,La Crescenta,91214,February,2014,February-2014,25183
5,115,La Crescenta,La Crescenta,91214,March,2014,March-2014,27680
5,115,La Crescenta,La Crescenta,91214,April,2014,April-2014,27543
5,115,La Crescenta,La Crescenta,91214,May,2014,May-2014,26545
5,115,La Crescenta,La Crescenta,91214,June,2014,June-2014,28005
5,115,La Crescenta,La Crescenta,91214,July,2014,July-2014,28887
5,115,La Crescenta,La Crescenta,91214,August,2014,August-2014,27541
5,115,La Crescenta,La Crescenta,91214,September,2014,September-2014,27066
5,115,La Crescenta,La Crescenta,91214,October,2014,October-2014,25764
5,115,La Crescenta,La Crescenta,91214,November,2014,November-2014,23758
5,115,La Crescenta,La Crescenta,91214,December,2014,December-2014,22532
5,115,La Crescenta,La Crescenta,91214,January,2015,January-2015,27916
5,115,La Crescenta,La Crescenta,91214,February,2015,February-2015,28224
5,115,La Crescenta,La Crescenta,91214,March,2015,March-2015,32425
5,115,La Crescenta,La Crescenta,91214,April,2015,April-2015,31334
5,115,La Crescenta,La Crescenta,91214,May,2015,May-2015,30382
5,115,La Crescenta,La Crescenta,91214,June,2015,June-2015,34956
5,807,La Verne,La Verne,91750,January,2014,January-2014,12990
5,807,La Verne,La Verne,91750,February,2014,February-2014,11532
5,807,La Verne,La Verne,91750,March,2014,March-2014,12056
5,807,La Verne,La Verne,91750,April,2014,April-2014,13236
5,807,La Verne,La Verne,91750,May,2014,May-2014,12882
5,807,La Verne,La Verne,91750,June,2014,June-2014,13027
5,807,La Verne,La Verne,91750,July,2014,July-2014,15165
5,807,La Verne,La Verne,91750,August,2014,August-2014,13165
5,807,La Verne,La Verne,91750,September,2014,September-2014,12469
5,807,La Verne,La Verne,91750,October,2014,October-2014,13816
5,807,La Verne,La Verne,91750,November,2014,November-2014,10928
5,807,La Verne,La Verne,91750,December,2014,December-2014,11580
5,807,La Verne,La Verne,91750,January,2015,January-2015,13322
5,807,La Verne,La Verne,91750,February,2015,February-2015,13358
5,807,La Verne,La Verne,91750,March,2015,March-2015,14620
5,807,La Verne,La Verne,91750,April,2015,April-2015,14311
5,807,La Verne,La Verne,91750,May,2015,May-2015,13546
5,807,La Verne,La Verne,91750,June,2015,June-2015,14411
5,106,Lake Los Angeles,Palmdale,93591,January,2014,January-2014,9035
5,106,Lake Los Angeles,Palmdale,93591,February,2014,February-2014,7302
5,106,Lake Los Angeles,Palmdale,93591,March,2014,March-2014,8575
5,106,Lake Los Angeles,Palmdale,93591,April,2014,April-2014,8406
5,106,Lake Los Angeles,Palmdale,93591,May,2014,May-2014,8160
5,106,Lake Los Angeles,Palmdale,93591,June,2014,June-2014,8092
5,106,Lake Los Angeles,Palmdale,93591,July,2014,July-2014,8158
5,106,Lake Los Angeles,Palmdale,93591,August,2014,August-2014,8484
5,106,Lake Los Angeles,Palmdale,93591,September,2014,September-2014,8188
5,106,Lake Los Angeles,Palmdale,93591,October,2014,October-2014,8894
5,106,Lake Los Angeles,Palmdale,93591,November,2014,November-2014,8023
5,106,Lake Los Angeles,Palmdale,93591,December,2014,December-2014,8356
5,106,Lake Los Angeles,Palmdale,93591,January,2015,January-2015,8275
5,106,Lake Los Angeles,Palmdale,93591,February,2015,February-2015,7347
5,106,Lake Los Angeles,Palmdale,93591,March,2015,March-2015,8151
5,106,Lake Los Angeles,Palmdale,93591,April,2015,April-2015,7346
5,106,Lake Los Angeles,Palmdale,93591,May,2015,May-2015,7586
5,106,Lake Los Angeles,Palmdale,93591,June,2015,June-2015,8215
5,101,Lancaster,Lancaster,93534,January,2014,January-2014,43280
5,101,Lancaster,Lancaster,93534,February,2014,February-2014,38038
5,101,Lancaster,Lancaster,93534,March,2014,March-2014,42695
5,101,Lancaster,Lancaster,93534,April,2014,April-2014,41863
5,101,Lancaster,Lancaster,93534,May,2014,May-2014,40619
5,101,Lancaster,Lancaster,93534,June,2014,June-2014,39653
5,101,Lancaster,Lancaster,93534,July,2014,July-2014,45955
5,101,Lancaster,Lancaster,93534,August,2014,August-2014,40319
5,101,Lancaster,Lancaster,93534,September,2014,September-2014,38763
5,101,Lancaster,Lancaster,93534,October,2014,October-2014,42315
5,101,Lancaster,Lancaster,93534,November,2014,November-2014,36806
5,101,Lancaster,Lancaster,93534,December,2014,December-2014,39386
5,101,Lancaster,Lancaster,93534,January,2015,January-2015,46629
5,101,Lancaster,Lancaster,93534,February,2015,February-2015,44172
5,101,Lancaster,Lancaster,93534,March,2015,March-2015,49044
5,101,Lancaster,Lancaster,93534,April,2015,April-2015,48517
5,101,Lancaster,Lancaster,93534,May,2015,May-2015,47143
5,101,Lancaster,Lancaster,93534,June,2015,June-2015,49533
5,103,Littlerock,Littlerock,93543,January,2014,January-2014,8701
5,103,Littlerock,Littlerock,93543,February,2014,February-2014,8110
5,103,Littlerock,Littlerock,93543,March,2014,March-2014,9223
5,103,Littlerock,Littlerock,93543,April,2014,April-2014,8884
5,103,Littlerock,Littlerock,93543,May,2014,May-2014,7707
5,103,Littlerock,Littlerock,93543,June,2014,June-2014,9455
5,103,Littlerock,Littlerock,93543,July,2014,July-2014,9009
5,103,Littlerock,Littlerock,93543,August,2014,August-2014,8322
5,103,Littlerock,Littlerock,93543,September,2014,September-2014,7701
5,103,Littlerock,Littlerock,93543,October,2014,October-2014,7989
5,103,Littlerock,Littlerock,93543,November,2014,November-2014,7138
5,103,Littlerock,Littlerock,93543,December,2014,December-2014,7668
5,103,Littlerock,Littlerock,93543,January,2015,January-2015,7924
5,103,Littlerock,Littlerock,93543,February,2015,February-2015,7679
5,103,Littlerock,Littlerock,93543,March,2015,March-2015,8690
5,103,Littlerock,Littlerock,93543,April,2015,April-2015,8029
5,103,Littlerock,Littlerock,93543,May,2015,May-2015,7724
5,103,Littlerock,Littlerock,93543,June,2015,June-2015,8916
5,831,Live Oak,Arcadia,91006,January,2014,January-2014,8235
5,831,Live Oak,Arcadia,91006,February,2014,February-2014,7364
5,831,Live Oak,Arcadia,91006,March,2014,March-2014,8845
5,831,Live Oak,Arcadia,91006,April,2014,April-2014,8105
5,831,Live Oak,Arcadia,91006,May,2014,May-2014,7914
5,831,Live Oak,Arcadia,91006,June,2014,June-2014,8148
5,831,Live Oak,Arcadia,91006,July,2014,July-2014,8824
5,831,Live Oak,Arcadia,91006,August,2014,August-2014,7943
5,831,Live Oak,Arcadia,91006,September,2014,September-2014,7439
5,831,Live Oak,Arcadia,91006,October,2014,October-2014,7676
5,831,Live Oak,Arcadia,91006,November,2014,November-2014,7677
5,831,Live Oak,Arcadia,91006,December,2014,December-2014,6820
5,831,Live Oak,Arcadia,91006,January,2015,January-2015,7845
5,831,Live Oak,Arcadia,91006,February,2015,February-2015,7928
5,831,Live Oak,Arcadia,91006,March,2015,March-2015,8888
5,831,Live Oak,Arcadia,91006,April,2015,April-2015,8163
5,831,Live Oak,Arcadia,91006,May,2015,May-2015,8854
5,831,Live Oak,Arcadia,91006,June,2015,June-2015,9213
5,110,Quartz Hill,Quartz Hill,93536,January,2014,January-2014,13999
5,110,Quartz Hill,Quartz Hill,93536,February,2014,February-2014,14111
5,110,Quartz Hill,Quartz Hill,93536,March,2014,March-2014,14613
5,110,Quartz Hill,Quartz Hill,93536,April,2014,April-2014,15530
5,110,Quartz Hill,Quartz Hill,93536,May,2014,May-2014,14299
5,110,Quartz Hill,Quartz Hill,93536,June,2014,June-2014,14688
5,110,Quartz Hill,Quartz Hill,93536,July,2014,July-2014,16179
5,110,Quartz Hill,Quartz Hill,93536,August,2014,August-2014,14451
5,110,Quartz Hill,Quartz Hill,93536,September,2014,September-2014,15152
5,110,Quartz Hill,Quartz Hill,93536,October,2014,October-2014,15701
5,110,Quartz Hill,Quartz Hill,93536,November,2014,November-2014,12953
5,110,Quartz Hill,Quartz Hill,93536,December,2014,December-2014,13004
5,110,Quartz Hill,Quartz Hill,93536,January,2015,January-2015,15127
5,110,Quartz Hill,Quartz Hill,93536,February,2015,February-2015,14462
5,110,Quartz Hill,Quartz Hill,93536,March,2015,March-2015,15844
5,110,Quartz Hill,Quartz Hill,93536,April,2015,April-2015,15669
5,110,Quartz Hill,Quartz Hill,93536,May,2015,May-2015,15692
5,110,Quartz Hill,Quartz Hill,93536,June,2015,June-2015,15248
5,808,San Dimas,San Dimas,91773,January,2014,January-2014,19443
5,808,San Dimas,San Dimas,91773,February,2014,February-2014,18296
5,808,San Dimas,San Dimas,91773,March,2014,March-2014,18809
5,808,San Dimas,San Dimas,91773,April,2014,April-2014,18842
5,808,San Dimas,San Dimas,91773,May,2014,May-2014,19085
5,808,San Dimas,San Dimas,91773,June,2014,June-2014,17846
5,808,San Dimas,San Dimas,91773,July,2014,July-2014,20798
5,808,San Dimas,San Dimas,91773,August,2014,August-2014,19719
5,808,San Dimas,San Dimas,91773,September,2014,September-2014,18787
5,808,San Dimas,San Dimas,91773,October,2014,October-2014,19108
5,808,San Dimas,San Dimas,91773,November,2014,November-2014,18076
5,808,San Dimas,San Dimas,91773,December,2014,December-2014,17434
5,808,San Dimas,San Dimas,91773,January,2015,January-2015,20987
5,808,San Dimas,San Dimas,91773,February,2015,February-2015,20019
5,808,San Dimas,San Dimas,91773,March,2015,March-2015,22185
5,808,San Dimas,San Dimas,91773,April,2015,April-2015,22013
5,808,San Dimas,San Dimas,91773,May,2015,May-2015,21862
5,808,San Dimas,San Dimas,91773,June,2015,June-2015,22266
5,625,San Gabriel,San Gabriel,91776,January,2014,January-2014,18833
5,625,San Gabriel,San Gabriel,91776,February,2014,February-2014,17196
5,625,San Gabriel,San Gabriel,91776,March,2014,March-2014,19841
5,625,San Gabriel,San Gabriel,91776,April,2014,April-2014,19181
5,625,San Gabriel,San Gabriel,91776,May,2014,May-2014,17177
5,625,San Gabriel,San Gabriel,91776,June,2014,June-2014,18038
5,625,San Gabriel,San Gabriel,91776,July,2014,July-2014,19237
5,625,San Gabriel,San Gabriel,91776,August,2014,August-2014,17284
5,625,San Gabriel,San Gabriel,91776,September,2014,September-2014,16271
5,625,San Gabriel,San Gabriel,91776,October,2014,October-2014,17306
5,625,San Gabriel,San Gabriel,91776,November,2014,November-2014,12485
5,625,San Gabriel,San Gabriel,91776,December,2014,December-2014,11416
5,625,San Gabriel,San Gabriel,91776,January,2015,January-2015,13147
5,625,San Gabriel,San Gabriel,91776,February,2015,February-2015,12792
5,625,San Gabriel,San Gabriel,91776,March,2015,March-2015,14941
5,625,San Gabriel,San Gabriel,91776,April,2015,April-2015,13522
5,625,San Gabriel,San Gabriel,91776,May,2015,May-2015,13019
5,625,San Gabriel,San Gabriel,91776,June,2015,June-2015,13851
5,126,Stevenson Ranch,Stevenson Ranch,91381,January,2014,January-2014,3104
5,126,Stevenson Ranch,Stevenson Ranch,91381,February,2014,February-2014,2955
5,126,Stevenson Ranch,Stevenson Ranch,91381,March,2014,March-2014,2952
5,126,Stevenson Ranch,Stevenson Ranch,91381,April,2014,April-2014,3077
5,126,Stevenson Ranch,Stevenson Ranch,91381,May,2014,May-2014,3322
5,126,Stevenson Ranch,Stevenson Ranch,91381,June,2014,June-2014,2777
5,126,Stevenson Ranch,Stevenson Ranch,91381,July,2014,July-2014,3182
5,126,Stevenson Ranch,Stevenson Ranch,91381,August,2014,August-2014,2911
5,126,Stevenson Ranch,Stevenson Ranch,91381,September,2014,September-2014,2723
5,126,Stevenson Ranch,Stevenson Ranch,91381,October,2014,October-2014,2879
5,126,Stevenson Ranch,Stevenson Ranch,91381,November,2014,November-2014,2709
5,126,Stevenson Ranch,Stevenson Ranch,91381,December,2014,December-2014,2582
5,126,Stevenson Ranch,Stevenson Ranch,91381,January,2015,January-2015,3196
5,126,Stevenson Ranch,Stevenson Ranch,91381,February,2015,February-2015,3753
5,126,Stevenson Ranch,Stevenson Ranch,91381,March,2015,March-2015,11034
5,126,Stevenson Ranch,Stevenson Ranch,91381,April,2015,April-2015,19346
5,126,Stevenson Ranch,Stevenson Ranch,91381,May,2015,May-2015,19636
5,126,Stevenson Ranch,Stevenson Ranch,91381,June,2015,June-2015,22732
5,628,Temple City,Temple City,91780,January,2014,January-2014,21344
5,628,Temple City,Temple City,91780,February,2014,February-2014,18565
5,628,Temple City,Temple City,91780,March,2014,March-2014,20979
5,628,Temple City,Temple City,91780,April,2014,April-2014,22148
5,628,Temple City,Temple City,91780,May,2014,May-2014,21958
5,628,Temple City,Temple City,91780,June,2014,June-2014,20610
5,628,Temple City,Temple City,91780,July,2014,July-2014,22825
5,628,Temple City,Temple City,91780,August,2014,August-2014,20631
5,628,Temple City,Temple City,91780,September,2014,September-2014,20282
5,628,Temple City,Temple City,91780,October,2014,October-2014,19116
5,628,Temple City,Temple City,91780,November,2014,November-2014,17896
5,628,Temple City,Temple City,91780,December,2014,December-2014,18397
5,628,Temple City,Temple City,91780,January,2015,January-2015,20751
5,628,Temple City,Temple City,91780,February,2015,February-2015,20146
5,628,Temple City,Temple City,91780,March,2015,March-2015,22033
5,628,Temple City,Temple City,91780,April,2015,April-2015,20978
5,628,Temple City,Temple City,91780,May,2015,May-2015,20890
5,628,Temple City,Temple City,91780,June,2015,June-2015,21753
